Iteration,Temperature,BestCost,CurrentCost
0,1000,31320.7,31368.2
1,995,30828.8,30828.8
2,990.025,30828.8,31254.7
3,985.075,30828.8,31215.7
4,980.15,30436.8,30436.8
5,975.249,30088.6,30088.6
6,970.373,30088.6,30287
7,965.521,30088.6,30287
8,960.693,30088.6,30287
9,955.89,30088.6,30103.1
10,951.11,30088.6,30811.6
11,946.355,30088.6,30718.9
12,941.623,30088.6,30418
13,936.915,30073.3,30073.3
14,932.23,29309.4,29309.4
15,927.569,29309.4,29309.4
16,922.931,28466.8,28466.8
17,918.316,28466.8,28777.4
18,913.725,28466.8,28777.4
19,909.156,28466.8,28899.3
20,904.61,28466.8,28647.9
21,900.087,28324.5,28324.5
22,895.587,28324.5,29245.9
23,891.109,28324.5,29182.6
24,886.654,28324.5,29181.2
25,882.22,28324.5,29181.2
26,877.809,28324.5,29190.4
27,873.42,28324.5,29647.5
28,869.053,28324.5,29956.8
29,864.708,28324.5,29898.2
30,860.384,28324.5,30091.6
31,856.082,28324.5,29640.9
32,851.802,28324.5,29640.9
33,847.543,28324.5,29700.7
34,843.305,28324.5,29689
35,839.089,28324.5,29914.8
36,834.893,28324.5,29836.8
37,830.719,28324.5,29974.9
38,826.565,28324.5,31054.9
39,822.432,28324.5,30035
40,818.32,28324.5,30089.3
41,814.229,28324.5,29542.2
42,810.157,28324.5,28756
43,806.107,28324.5,28756
44,802.076,28324.5,28756
45,798.066,28324.5,28484.8
46,794.075,28324.5,28525.7
47,790.105,27328,27328
48,786.154,27003,27003
49,782.224,26922.3,26922.3
50,778.313,26922.3,27739.4
51,774.421,26922.3,28260.5
52,770.549,26922.3,27616.5
53,766.696,26922.3,27783.4
54,762.863,26922.3,27783.4
55,759.048,26922.3,28193.4
56,755.253,26922.3,28193.4
57,751.477,26922.3,27441.7
58,747.719,26922.3,27441.7
59,743.981,26922.3,28078.5
60,740.261,26922.3,28078.5
61,736.56,26922.3,28125.6
62,732.877,26922.3,28063.6
63,729.212,26922.3,28546.4
64,725.566,26922.3,28711.5
65,721.939,26922.3,28680.8
66,718.329,26922.3,29695.9
67,714.737,26922.3,29543.8
68,711.164,26922.3,29260.7
69,707.608,26922.3,29202.8
70,704.07,26922.3,29202.8
71,700.549,26922.3,29192.6
72,697.047,26922.3,29192.6
73,693.561,26922.3,29192.6
74,690.094,26922.3,29192.6
75,686.643,26922.3,28959.3
76,683.21,26922.3,29429.2
77,679.794,26922.3,29649.9
78,676.395,26922.3,29689.6
79,673.013,26922.3,29741.4
80,669.648,26922.3,29818.5
81,666.3,26922.3,30006.5
82,662.968,26922.3,30473.3
83,659.653,26922.3,30412.2
84,656.355,26922.3,29086.2
85,653.073,26922.3,28900.3
86,649.808,26922.3,28500.9
87,646.559,26922.3,27940.8
88,643.326,26922.3,27940.8
89,640.109,26922.3,27985.4
90,636.909,26922.3,28365.7
91,633.724,26922.3,27723.5
92,630.556,26922.3,27587.8
93,627.403,26922.3,27890.4
94,624.266,26922.3,27890.4
95,621.145,26922.3,27315.7
96,618.039,26922.3,27315.7
97,614.949,26922.3,27315.7
98,611.874,26922.3,27239.4
99,608.815,26922.3,27221.7
100,605.77,25697.6,25697.6
101,602.742,25697.6,26353.1
102,599.728,25697.6,26649.6
103,596.729,25697.6,26786.4
104,593.746,25697.6,26786.4
105,590.777,25697.6,26786.4
106,587.823,25697.6,26786.4
107,584.884,25697.6,26770.5
108,581.959,25697.6,27116.1
109,579.05,25697.6,25976.2
110,576.154,25697.6,25976.2
111,573.274,25697.6,25964.8
112,570.407,25697.6,25964.8
113,567.555,25697.6,25964.8
114,564.717,25697.6,26012.8
115,561.894,25697.6,26012.8
116,559.084,25697.6,26012.8
117,556.289,25697.6,25964.6
118,553.508,25697.6,25964.6
119,550.74,25697.6,27096.2
120,547.986,25697.6,27122.6
121,545.246,25697.6,26109.4
122,542.52,25697.6,26238.1
123,539.808,25697.6,26255.9
124,537.108,25697.6,27152.5
125,534.423,25697.6,26792.2
126,531.751,25697.6,25820.4
127,529.092,25635.7,25635.7
128,526.447,25635.7,25641.5
129,523.814,25635.7,25641.5
130,521.195,25635.7,25997.8
131,518.589,25571.3,25571.3
132,515.996,25205.9,25205.9
133,513.416,25205.9,25205.9
134,510.849,24782.2,24782.2
135,508.295,24599.7,24599.7
136,505.754,24599.7,25376
137,503.225,24599.7,24616
138,500.709,24599.7,24616
139,498.205,24599.7,24616
140,495.714,24599.7,24746.3
141,493.236,24599.7,24746.3
142,490.769,24252.3,24252.3
143,488.316,23694.4,23694.4
144,485.874,23529,23529
145,483.445,23529,23529
146,481.027,23497.6,23497.6
147,478.622,23497.6,23664.3
148,476.229,23497.6,23639.8
149,473.848,23497.6,23892
150,471.479,23497.6,24416.9
151,469.121,23497.6,24573.6
152,466.776,23497.6,24573.6
153,464.442,23497.6,25190.9
154,462.12,23497.6,24743.6
155,459.809,23497.6,25183.6
156,457.51,23497.6,25183.6
157,455.222,23497.6,24764.8
158,452.946,23497.6,24729.4
159,450.682,23497.6,24729.4
160,448.428,23497.6,24729.4
161,446.186,23497.6,24835.7
162,443.955,23497.6,24835.7
163,441.735,23497.6,24835.7
164,439.527,23497.6,24854.7
165,437.329,23497.6,24854.7
166,435.142,23497.6,23932.5
167,432.967,23497.6,23932.5
168,430.802,23497.6,24045.6
169,428.648,23497.6,23668
170,426.505,23497.6,23853.3
171,424.372,23497.6,23853.3
172,422.25,23497.6,23853.3
173,420.139,23496.9,23496.9
174,418.038,23496.9,23496.9
175,415.948,23425.5,23425.5
176,413.868,23425.5,23425.5
177,411.799,23425.5,23425.5
178,409.74,23308.5,23308.5
179,407.691,23195.4,23195.4
180,405.653,23195.4,23341.8
181,403.625,23195.4,23341.8
182,401.606,23195.4,23460.1
183,399.598,23195.4,23460.1
184,397.6,23112.6,23112.6
185,395.612,23112.6,23112.6
186,393.634,23087.1,23087.1
187,391.666,23087.1,23087.1
188,389.708,23087.1,23150.9
189,387.759,23087.1,23150.9
190,385.821,23087.1,23150.9
191,383.891,23087.1,23146.3
192,381.972,23087.1,23208.1
193,380.062,23087.1,23361.9
194,378.162,23087.1,23361.9
195,376.271,23087.1,23114.2
196,374.39,23087.1,23114.2
197,372.518,22690.1,22690.1
198,370.655,22690.1,22690.1
199,368.802,22690.1,22690.1
200,366.958,22690.1,23388.4
201,365.123,22690.1,23388.4
202,363.297,22690.1,23480.8
203,361.481,22690.1,23480.8
204,359.674,22690.1,23857.9
205,357.875,22690.1,24065.4
206,356.086,22690.1,24065.4
207,354.305,22690.1,24065.4
208,352.534,22690.1,24233.9
209,350.771,22690.1,24233.9
210,349.017,22690.1,24487.2
211,347.272,22690.1,24487.2
212,345.536,22690.1,24178.4
213,343.808,22690.1,24070.3
214,342.089,22690.1,24070.3
215,340.379,22690.1,24140.5
216,338.677,22690.1,24140.5
217,336.983,22690.1,24140.5
218,335.298,22690.1,24140.5
219,333.622,22690.1,24526.6
220,331.954,22690.1,24547.4
221,330.294,22690.1,24485.5
222,328.643,22690.1,24302.4
223,326.999,22690.1,24302.4
224,325.364,22690.1,24302.4
225,323.738,22690.1,24084
226,322.119,22690.1,23893.6
227,320.508,22690.1,23893.6
228,318.906,22690.1,23893.6
229,317.311,22690.1,23893.6
230,315.725,22690.1,23893.6
231,314.146,22690.1,24607.4
232,312.575,22690.1,24490.5
233,311.012,22690.1,24413.9
234,309.457,22690.1,24382
235,307.91,22690.1,24341.1
236,306.371,22690.1,24262.1
237,304.839,22690.1,24284.9
238,303.315,22690.1,24284.9
239,301.798,22690.1,24389.8
240,300.289,22690.1,24389.8
241,298.788,22690.1,24389.8
242,297.294,22690.1,24021.2
243,295.807,22690.1,24021.2
244,294.328,22690.1,24021.2
245,292.856,22690.1,23811.7
246,291.392,22690.1,23811.7
247,289.935,22690.1,23712.2
248,288.486,22690.1,23712.2
249,287.043,22690.1,23786.2
250,285.608,22690.1,23786.2
251,284.18,22690.1,23951.5
252,282.759,22690.1,23951.5
253,281.345,22690.1,24184.8
254,279.938,22690.1,24187.6
255,278.539,22690.1,23781.2
256,277.146,22690.1,22701.7
257,275.76,22690.1,22701.7
258,274.382,22690.1,22767.5
259,273.01,22690.1,22966.1
260,271.645,22690.1,22966.1
261,270.286,22690.1,22966.1
262,268.935,22690.1,23036.2
263,267.59,22690.1,23036.2
264,266.252,22690.1,23078.9
265,264.921,22690.1,22973.2
266,263.596,22690.1,22973.2
267,262.278,22690.1,22973.2
268,260.967,22690.1,22903.1
269,259.662,22690.1,22903.1
270,258.364,22690.1,22903.1
271,257.072,22690.1,22903.1
272,255.787,22690.1,22903.1
273,254.508,22690.1,22903.1
274,253.235,22690.1,22903.1
275,251.969,22690.1,23625.1
276,250.709,22677.9,22677.9
277,249.456,22677.9,22677.9
278,248.208,22677.9,22677.9
279,246.967,22677.9,22711.8
280,245.733,22677.9,22729
281,244.504,22677.9,23026.8
282,243.281,22677.9,23026.8
283,242.065,22677.9,23026.8
284,240.855,22677.9,23026.8
285,239.65,22677.9,23026.8
286,238.452,22307,22307
287,237.26,22307,22307
288,236.074,22307,22307
289,234.893,22307,22307
290,233.719,22032.6,22032.6
291,232.55,22032.6,22032.6
292,231.387,21951.8,21951.8
293,230.23,21712.1,21712.1
294,229.079,21632.9,21632.9
295,227.934,21632.9,21632.9
296,226.794,21632.9,21632.9
297,225.66,21632.9,21734.4
298,224.532,21632.9,21766.5
299,223.409,21632.9,21834.7
300,222.292,21632.9,21834.7
301,221.181,21632.9,21834.7
302,220.075,21390,21390
303,218.974,21322.9,21322.9
304,217.88,21322.9,21322.9
305,216.79,21322.9,21322.9
306,215.706,21311.1,21311.1
307,214.628,21311.1,21311.1
308,213.555,21311.1,21311.1
309,212.487,21311.1,21311.1
310,211.424,21287.6,21287.6
311,210.367,21287.6,21287.6
312,209.315,21287.6,21287.6
313,208.269,21220.7,21220.7
314,207.227,21220.7,21220.7
315,206.191,21220.7,21220.7
316,205.16,21220.7,21220.7
317,204.135,21220.7,21220.7
318,203.114,21220.7,21696
319,202.098,21220.7,21696
320,201.088,21220.7,21696
321,200.082,21220.7,21696
322,199.082,21220.7,21696
323,198.087,21220.7,21696
324,197.096,21220.7,21696
325,196.111,21220.7,21696
326,195.13,21220.7,21786
327,194.154,21220.7,21607.1
328,193.184,21220.7,21973.7
329,192.218,21220.7,22175.2
330,191.257,21220.7,22175.2
331,190.3,21220.7,22175.2
332,189.349,21220.7,22175.2
333,188.402,21220.7,22175.2
334,187.46,21220.7,22175.2
335,186.523,21220.7,22175.2
336,185.59,21220.7,22175.2
337,184.662,21220.7,22175.2
338,183.739,21220.7,22175.2
339,182.82,21220.7,22175.2
340,181.906,21220.7,22175.2
341,180.997,21220.7,22175.2
342,180.092,21220.7,22175.2
343,179.191,21220.7,22175.2
344,178.295,21220.7,22175.2
345,177.404,21220.7,21947.4
346,176.517,21220.7,21947.4
347,175.634,21220.7,21947.4
348,174.756,21220.7,21947.4
349,173.882,21220.7,21947.4
350,173.013,21220.7,21947.4
351,172.148,21220.7,21947.4
352,171.287,21220.7,21947.4
353,170.431,21220.7,21907.3
354,169.578,21220.7,21907.3
355,168.731,21220.7,21907.3
356,167.887,21220.7,21907.3
357,167.047,21220.7,21907.3
358,166.212,21220.7,21907.3
359,165.381,21220.7,21717.4
360,164.554,21220.7,21717.4
361,163.731,21220.7,21717.4
362,162.913,21220.7,21717.4
363,162.098,21220.7,21717.4
364,161.288,21220.7,21730.4
365,160.481,21220.7,21730.4
366,159.679,21220.7,21730.4
367,158.881,21220.7,21730.4
368,158.086,21220.7,21730.4
369,157.296,21220.7,21730.4
370,156.509,21220.7,21833.1
371,155.727,21220.7,21833.1
372,154.948,21220.7,21833.1
373,154.173,21220.7,21498
374,153.402,21220.7,21498
375,152.635,21220.7,21498
376,151.872,21220.7,21498
377,151.113,21220.7,21232.1
378,150.357,21220.7,21232.1
379,149.606,21006.5,21006.5
380,148.857,20808.2,20808.2
381,148.113,20808.2,20920.3
382,147.373,20808.2,20920.3
383,146.636,20808.2,21013.1
384,145.903,20808.2,21013.1
385,145.173,20808.2,21013.1
386,144.447,20808.2,21013.1
387,143.725,20808.2,21013.1
388,143.006,20808.2,21013.1
389,142.291,20808.2,21013.1
390,141.58,20808.2,21082.1
391,140.872,20808.2,21082.1
392,140.168,20808.2,21096.1
393,139.467,20808.2,21096.1
394,138.769,20808.2,21096.1
395,138.076,20808.2,21271.4
396,137.385,20808.2,21271.4
397,136.698,20808.2,21271.4
398,136.015,20808.2,21271.4
399,135.335,20808.2,21271.4
400,134.658,20808.2,21271.4
401,133.985,20808.2,21271.4
402,133.315,20808.2,21271.4
403,132.648,20808.2,21271.4
404,131.985,20808.2,21271.4
405,131.325,20007.9,20007.9
406,130.668,20007.9,20007.9
407,130.015,20007.9,20007.9
408,129.365,19440.8,19440.8
409,128.718,19440.8,19440.8
410,128.075,19373.7,19373.7
411,127.434,19373.7,19373.7
412,126.797,19373.7,19427.8
413,126.163,19206.6,19206.6
414,125.532,19206.6,19206.6
415,124.905,19206.6,19206.6
416,124.28,19206.6,19206.6
417,123.659,19206.6,19206.6
418,123.04,19206.6,19206.6
419,122.425,19206.6,19206.6
420,121.813,19206.6,19206.6
421,121.204,19206.6,19206.6
422,120.598,19206.6,19206.6
423,119.995,19206.6,19206.6
424,119.395,19206.6,19206.6
425,118.798,19206.6,19206.6
426,118.204,19206.6,19206.6
427,117.613,19206.6,19206.6
428,117.025,19206.6,19450.5
429,116.44,19206.6,19450.5
430,115.858,19206.6,19450.5
431,115.278,19206.6,19450.5
432,114.702,19206.6,19450.5
433,114.128,19206.6,19450.5
434,113.558,19206.6,19450.5
435,112.99,19206.6,19450.5
436,112.425,19206.6,19425.3
437,111.863,19206.6,19425.3
438,111.304,19206.6,19286.2
439,110.747,19206.6,19286.2
440,110.193,19206.6,19286.2
441,109.642,19206.6,19286.2
442,109.094,19206.6,19286.2
443,108.549,19206.6,19286.2
444,108.006,19206.6,19393.3
445,107.466,19206.6,19393.3
446,106.929,19206.6,19393.3
447,106.394,19206.6,19393.3
448,105.862,18860.6,18860.6
449,105.333,18860.6,18860.6
450,104.806,18462,18462
451,104.282,18462,18462
452,103.761,18462,18462
453,103.242,18462,18467.2
454,102.726,18462,18564
455,102.212,18462,18564
456,101.701,18462,18564
457,101.192,18436.8,18436.8
458,100.686,18423.6,18423.6
459,100.183,18423.6,18423.6
460,99.6821,18214.2,18214.2
461,99.1837,17868.4,17868.4
462,98.6878,17868.4,17868.4
463,98.1943,17861.3,17861.3
464,97.7034,17861.3,17861.3
465,97.2148,17861.3,17861.3
466,96.7288,17861.3,17861.3
467,96.2451,17861.3,17861.3
468,95.7639,17861.3,17861.3
469,95.2851,17861.3,17861.3
470,94.8086,17861.3,17861.3
471,94.3346,17730.3,17730.3
472,93.8629,17722.8,17722.8
473,93.3936,17722.8,17722.8
474,92.9266,17701.4,17701.4
475,92.462,17701.4,17712.3
476,91.9997,17701.4,17712.3
477,91.5397,17701.4,17712.3
478,91.082,17701.4,17712.3
479,90.6266,17701.4,17712.3
480,90.1735,17701.4,17712.3
481,89.7226,17701.4,17712.3
482,89.274,17701.4,17712.3
483,88.8276,17701.4,17712.3
484,88.3835,17701.4,17712.3
485,87.9416,17701.4,17712.3
486,87.5019,17701.4,17712.3
487,87.0643,17701.4,17712.3
488,86.629,17701.4,17712.3
489,86.1959,17701.4,17712.3
490,85.7649,17701.4,17712.3
491,85.3361,17701.4,17712.3
492,84.9094,17701.4,17712.3
493,84.4848,17568.6,17568.6
494,84.0624,17568.6,17568.6
495,83.6421,17568.6,17568.6
496,83.2239,17568.6,17568.6
497,82.8078,17568.6,17568.6
498,82.3937,17568.6,17568.6
499,81.9818,17568.6,17568.6
500,81.5719,17568.6,17568.6
501,81.164,17568.6,17568.6
502,80.7582,17568.6,17568.6
503,80.3544,17568.6,17568.6
504,79.9526,17568.6,17568.6
505,79.5529,17568.6,17568.6
506,79.1551,17568.6,17568.6
507,78.7593,17568.6,17568.6
508,78.3655,17568.6,17568.6
509,77.9737,17566.5,17566.5
510,77.5838,17566.5,17566.5
511,77.1959,17566.5,17566.5
512,76.8099,17566.5,17566.5
513,76.4259,17566.5,17566.5
514,76.0437,17566.5,17603.3
515,75.6635,17566.5,17603.3
516,75.2852,17566.5,17603.3
517,74.9088,17566.5,17603.3
518,74.5342,17566.5,17603.3
519,74.1616,17566.5,17603.3
520,73.7908,17566.5,17603.3
521,73.4218,17566.5,17603.3
522,73.0547,17566.5,17603.3
523,72.6894,17566.5,17603.3
524,72.326,17566.5,17603.3
525,71.9643,17566.5,17603.3
526,71.6045,17566.5,17603.3
527,71.2465,17566.5,17603.3
528,70.8903,17566.5,17603.3
529,70.5358,17566.5,17603.3
530,70.1831,17566.5,17603.3
531,69.8322,17566.5,17603.3
532,69.4831,17549.5,17549.5
533,69.1356,17549.5,17549.5
534,68.79,17549.5,17549.5
535,68.446,17510.6,17510.6
536,68.1038,17510.6,17510.6
537,67.7633,17510.6,17510.6
538,67.4245,17398.5,17398.5
539,67.0873,17398.5,17398.5
540,66.7519,17348,17348
541,66.4181,16934.7,16934.7
542,66.086,16934.7,16934.7
543,65.7556,16934.7,16934.7
544,65.4268,16934.7,16934.7
545,65.0997,16934.7,16934.7
546,64.7742,16934.7,16934.7
547,64.4503,16934.7,16934.7
548,64.1281,16934.7,16934.7
549,63.8074,16934.7,16934.7
550,63.4884,16934.7,16934.7
551,63.171,16934.7,16934.7
552,62.8551,16496.5,16496.5
553,62.5408,16496.5,16496.5
554,62.2281,16496.5,16496.5
555,61.917,16496.5,16496.5
556,61.6074,16496.5,16496.5
557,61.2994,16496.5,16496.5
558,60.9929,16496.5,16496.5
559,60.6879,16496.5,16496.5
560,60.3845,16496.5,16496.5
561,60.0825,16496.5,16496.5
562,59.7821,16496.5,16496.5
563,59.4832,16496.5,16496.5
564,59.1858,16496.5,16496.5
565,58.8899,16496.5,16496.5
566,58.5954,16496.5,16496.5
567,58.3024,16300.8,16300.8
568,58.0109,16300.8,16300.8
569,57.7209,16300.8,16300.8
570,57.4323,16300.8,16300.8
571,57.1451,16300.8,16300.8
572,56.8594,16300.8,16300.8
573,56.5751,16300.8,16300.8
574,56.2922,16300.8,16311.5
575,56.0108,16300.8,16311.5
576,55.7307,16300.8,16311.5
577,55.452,16300.8,16311.5
578,55.1748,16300.8,16426.6
579,54.8989,16300.8,16426.6
580,54.6244,16300.8,16426.6
581,54.3513,16300.8,16426.6
582,54.0795,16300.8,16426.6
583,53.8091,16300.8,16426.6
584,53.5401,16300.8,16426.6
585,53.2724,16300.8,16426.6
586,53.006,16300.8,16426.6
587,52.741,16300.8,16426.6
588,52.4773,16300.8,16426.6
589,52.2149,16300.8,16426.6
590,51.9538,16300.8,16426.6
591,51.6941,16300.8,16426.6
592,51.4356,16300.8,16425.6
593,51.1784,16300.8,16425.6
594,50.9225,16300.8,16425.6
595,50.6679,16300.8,16425.6
596,50.4146,16300.8,16425.6
597,50.1625,16300.8,16425.6
598,49.9117,16300.8,16425.6
599,49.6621,16300.8,16425.6
600,49.4138,16300.8,16425.6
601,49.1668,16285.4,16285.4
602,48.9209,16285.4,16285.4
603,48.6763,16285.4,16285.4
604,48.4329,16285.4,16285.4
605,48.1908,16285.4,16285.4
606,47.9498,16285.4,16285.4
607,47.7101,16285.4,16285.4
608,47.4715,16285.4,16285.4
609,47.2342,16285.4,16285.4
610,46.998,16285.4,16285.4
611,46.763,16285.4,16285.4
612,46.5292,16285.4,16285.4
613,46.2965,16285.4,16285.4
614,46.0651,16285.4,16285.4
615,45.8347,16285.4,16285.4
616,45.6056,16285.4,16285.4
617,45.3775,16285.4,16285.4
618,45.1506,16285.4,16285.4
619,44.9249,16285.4,16285.4
620,44.7003,16285.4,16285.4
621,44.4768,16285.4,16285.4
622,44.2544,16285.4,16285.4
623,44.0331,16285.4,16285.4
624,43.8129,16285.4,16285.4
625,43.5939,16285.4,16285.4
626,43.3759,16285.4,16285.4
627,43.159,16285.4,16285.4
628,42.9432,16285.4,16285.4
629,42.7285,16285.4,16285.4
630,42.5149,16285.4,16285.4
631,42.3023,16285.4,16285.4
632,42.0908,16285.4,16285.4
633,41.8803,16285.4,16285.4
634,41.6709,16285.4,16285.4
635,41.4626,16285.4,16285.4
636,41.2553,16285.4,16285.4
637,41.049,16285.4,16285.4
638,40.8437,16285.4,16285.4
639,40.6395,16285.4,16285.4
640,40.4363,16285.4,16285.4
641,40.2341,16285.4,16285.4
642,40.033,16285.4,16285.4
643,39.8328,16285.4,16285.4
644,39.6336,16285.4,16285.4
645,39.4355,16285.4,16285.4
646,39.2383,16285.4,16285.4
647,39.0421,16285.4,16285.4
648,38.8469,16285.4,16285.4
649,38.6527,16285.4,16285.4
650,38.4594,16285.4,16285.4
651,38.2671,16285.4,16285.4
652,38.0758,16285.4,16285.4
653,37.8854,16285.4,16285.4
654,37.696,16285.4,16285.4
655,37.5075,16199.3,16199.3
656,37.3199,16199.3,16199.3
657,37.1333,16199.3,16199.3
658,36.9477,16199.3,16199.3
659,36.7629,16199.3,16229.6
660,36.5791,16199.3,16229.6
661,36.3962,16199.3,16229.6
662,36.2142,16199.3,16229.6
663,36.0332,16199.3,16229.6
664,35.853,16199.3,16229.6
665,35.6737,16199.3,16229.6
666,35.4954,16199.3,16229.6
667,35.3179,16199.3,16229.6
668,35.1413,16199.3,16229.6
669,34.9656,16199.3,16229.6
670,34.7908,16199.3,16229.6
671,34.6168,16199.3,16229.6
672,34.4437,16199.3,16229.6
673,34.2715,16199.3,16229.6
674,34.1002,16199.3,16229.6
675,33.9297,16199.3,16229.6
676,33.76,16199.3,16229.6
677,33.5912,16199.3,16229.6
678,33.4233,16199.3,16233.8
679,33.2561,16199.3,16233.8
680,33.0899,16199.3,16233.8
681,32.9244,16199.3,16233.8
682,32.7598,16199.3,16233.8
683,32.596,16199.3,16233.8
684,32.433,16199.3,16233.8
685,32.2708,16199.3,16233.8
686,32.1095,16199.3,16233.8
687,31.9489,16199.3,16233.8
688,31.7892,16199.3,16233.8
689,31.6303,16199.3,16233.8
690,31.4721,16199.3,16233.8
691,31.3147,16199.3,16233.8
692,31.1582,16199.3,16233.8
693,31.0024,16199.3,16233.8
694,30.8474,16199.3,16233.8
695,30.6931,16199.3,16233.8
696,30.5397,16199.3,16233.8
697,30.387,16199.3,16233.8
698,30.235,16199.3,16229.6
699,30.0839,16199.3,16229.6
700,29.9334,16199.3,16229.6
701,29.7838,16199.3,16229.6
702,29.6348,16199.3,16229.6
703,29.4867,16199.3,16229.6
704,29.3392,16199.3,16229.6
705,29.1925,16199.3,16229.6
706,29.0466,16199.3,16229.6
707,28.9013,16199.3,16229.6
708,28.7568,16199.3,16229.6
709,28.6131,16199.3,16229.6
710,28.47,16199.3,16229.6
711,28.3276,16199.3,16229.6
712,28.186,16199.3,16229.6
713,28.0451,16199.3,16229.6
714,27.9048,16199.3,16229.6
715,27.7653,16199.3,16229.6
716,27.6265,16199.3,16229.6
717,27.4884,16199.3,16229.6
718,27.3509,16199.3,16229.6
719,27.2142,16199.3,16211.8
720,27.0781,16199.3,16211.8
721,26.9427,16199.3,16211.8
722,26.808,16199.3,16211.8
723,26.674,16199.3,16211.8
724,26.5406,16199.3,16211.8
725,26.4079,16199.3,16211.8
726,26.2758,16199.3,16211.8
727,26.1445,16199.3,16211.8
728,26.0137,16199.3,16211.8
729,25.8837,16199.3,16211.8
730,25.7543,16199.3,16211.8
731,25.6255,16199.3,16211.8
732,25.4974,16199.3,16211.8
733,25.3699,16199.3,16211.8
734,25.243,16199.3,16211.8
735,25.1168,16199.3,16211.8
736,24.9912,16199.3,16211.8
737,24.8663,16199.3,16211.8
738,24.7419,16199.3,16211.8
739,24.6182,16199.3,16211.8
740,24.4951,16199.3,16211.8
741,24.3727,16199.3,16211.8
742,24.2508,16199.3,16211.8
743,24.1295,16135.1,16135.1
744,24.0089,16135.1,16135.1
745,23.8888,16135.1,16135.1
746,23.7694,16135.1,16135.1
747,23.6506,16135.1,16135.1
748,23.5323,16135.1,16135.1
749,23.4146,16135.1,16135.1
750,23.2976,16135.1,16135.1
751,23.1811,16135.1,16135.1
752,23.0652,16135.1,16135.1
753,22.9498,16135.1,16135.1
754,22.8351,16135.1,16135.1
755,22.7209,16135.1,16135.1
756,22.6073,16135.1,16135.1
757,22.4943,16135.1,16135.1
758,22.3818,16135.1,16135.1
759,22.2699,16059.4,16059.4
760,22.1586,16059.4,16059.4
761,22.0478,16059.4,16059.4
762,21.9375,16059.4,16059.4
763,21.8278,16059.4,16059.4
764,21.7187,16059.4,16059.4
765,21.6101,16059.4,16059.4
766,21.502,16021.6,16021.6
767,21.3945,16021.6,16021.6
768,21.2876,16021.6,16021.6
769,21.1811,16021.6,16021.6
770,21.0752,16021.6,16021.6
771,20.9698,16021.6,16021.6
772,20.865,16021.6,16021.6
773,20.7607,16021.6,16021.6
774,20.6569,16021.6,16021.6
775,20.5536,16021.6,16021.6
776,20.4508,16021.6,16021.6
777,20.3486,16021.6,16021.6
778,20.2468,15949.9,15949.9
779,20.1456,15949.9,15949.9
780,20.0449,15949.9,15949.9
781,19.9446,15949.9,15949.9
782,19.8449,15949.9,15949.9
783,19.7457,15949.9,15949.9
784,19.647,15949.9,15949.9
785,19.5487,15949.9,15949.9
786,19.451,15949.9,15949.9
787,19.3537,15949.9,15949.9
788,19.257,15949.9,15949.9
789,19.1607,15935.1,15935.1
790,19.0649,15935.1,15935.1
791,18.9695,15935.1,15935.1
792,18.8747,15935.1,15935.1
793,18.7803,15935.1,15935.1
794,18.6864,15935.1,15942
795,18.593,15935.1,15942
796,18.5,15935.1,15942
797,18.4075,15935.1,15942
798,18.3155,15935.1,15942
799,18.2239,15511,15511
800,18.1328,15511,15511
801,18.0421,15511,15511
802,17.9519,15511,15511
803,17.8622,15176.3,15176.3
804,17.7728,14875.6,14875.6
805,17.684,14875.6,14875.6
806,17.5956,14875.6,14875.6
807,17.5076,14875.6,14875.6
808,17.42,14875.6,14875.6
809,17.3329,14875.6,14875.6
810,17.2463,14875.6,14875.6
811,17.16,14875.6,14875.6
812,17.0742,14875.6,14875.6
813,16.9889,14875.6,14875.6
814,16.9039,14875.6,14875.6
815,16.8194,14875.6,14875.6
816,16.7353,14875.6,14875.6
817,16.6516,14875.6,14875.6
818,16.5684,14875.6,14875.6
819,16.4855,14875.6,14875.6
820,16.4031,14875.6,14875.6
821,16.3211,14875.6,14875.6
822,16.2395,14875.6,14875.6
823,16.1583,14875.6,14875.6
824,16.0775,14875.6,14875.6
825,15.9971,14805.7,14805.7
826,15.9171,14805.7,14805.7
827,15.8375,14805.7,14805.7
828,15.7584,14805.7,14805.7
829,15.6796,14805.7,14805.7
830,15.6012,14805.7,14805.7
831,15.5232,14805.7,14805.7
832,15.4455,14805.7,14805.7
833,15.3683,14805.7,14805.7
834,15.2915,14805.7,14805.7
835,15.215,14805.7,14805.7
836,15.1389,14805.7,14805.7
837,15.0632,14805.7,14805.7
838,14.9879,14805.7,14805.7
839,14.913,14805.7,14805.7
840,14.8384,14805.7,14805.7
841,14.7642,14805.7,14805.7
842,14.6904,14805.7,14805.7
843,14.617,14805.7,14805.7
844,14.5439,14805.7,14805.7
845,14.4712,14805.7,14805.7
846,14.3988,14805.7,14805.7
847,14.3268,14798.9,14798.9
848,14.2552,14798.9,14798.9
849,14.1839,14751.6,14751.6
850,14.113,14751.6,14751.6
851,14.0424,14751.6,14751.6
852,13.9722,14751.6,14751.6
853,13.9023,14751.6,14751.6
854,13.8328,14751.6,14751.6
855,13.7637,14751.6,14751.6
856,13.6948,14748.6,14748.6
857,13.6264,14748.6,14748.6
858,13.5582,14748.6,14748.6
859,13.4904,14748.6,14748.6
860,13.423,14748.6,14748.6
861,13.3559,14748.6,14748.6
862,13.2891,14736.8,14736.8
863,13.2227,14736.8,14758.2
864,13.1565,14736.8,14758.2
865,13.0908,14736.8,14758.2
866,13.0253,14736.8,14758.2
867,12.9602,14736.8,14758.2
868,12.8954,14736.8,14758.2
869,12.8309,14736.8,14758.2
870,12.7667,14736.8,14758.2
871,12.7029,14736.8,14758.2
872,12.6394,14736.8,14758.2
873,12.5762,14736.8,14758.2
874,12.5133,14736.8,14758.2
875,12.4508,14736.8,14758.2
876,12.3885,14736.8,14758.2
877,12.3266,14736.8,14758.2
878,12.2649,14736.8,14758.2
879,12.2036,14736.8,14758.2
880,12.1426,14736.8,14758.2
881,12.0819,14736.8,14758.2
882,12.0215,14736.8,14758.2
883,11.9614,14607.5,14607.5
884,11.9015,14572.1,14572.1
885,11.842,14572.1,14572.1
886,11.7828,14572.1,14572.1
887,11.7239,14572.1,14572.1
888,11.6653,14572.1,14572.1
889,11.607,14572.1,14572.1
890,11.5489,14572.1,14572.1
891,11.4912,14572.1,14572.1
892,11.4337,14572.1,14572.1
893,11.3766,14572.1,14572.1
894,11.3197,14572.1,14572.1
895,11.2631,14572.1,14572.1
896,11.2068,14572.1,14572.1
897,11.1507,14572.1,14572.1
898,11.095,14572.1,14572.1
899,11.0395,14572.1,14572.1
900,10.9843,14572.1,14572.1
901,10.9294,14572.1,14572.1
902,10.8747,14572.1,14572.1
903,10.8204,14572.1,14572.1
904,10.7663,14572.1,14572.1
905,10.7124,14572.1,14572.1
906,10.6589,14572.1,14572.1
907,10.6056,14572.1,14572.1
908,10.5525,14572.1,14572.1
909,10.4998,14572.1,14572.1
910,10.4473,14572.1,14572.1
911,10.395,14572.1,14572.1
912,10.3431,14572.1,14572.1
913,10.2914,14572.1,14572.1
914,10.2399,14572.1,14572.1
915,10.1887,14572.1,14572.1
916,10.1378,14572.1,14572.1
917,10.0871,14572.1,14572.1
918,10.0366,14431.6,14431.6
919,9.98645,14279.3,14279.3
920,9.93652,14279.3,14279.3
921,9.88684,14279.3,14279.3
922,9.8374,14279.3,14279.3
923,9.78822,14279.3,14279.3
924,9.73927,14279.3,14279.3
925,9.69058,14279.3,14279.3
926,9.64213,14279.3,14279.3
927,9.59391,14279.3,14279.3
928,9.54595,14279.3,14279.3
929,9.49822,14279.3,14279.3
930,9.45072,14279.3,14279.3
931,9.40347,14279.3,14279.3
932,9.35645,14279.3,14279.3
933,9.30967,14279.3,14279.3
934,9.26312,14279.3,14279.3
935,9.21681,14279.3,14279.3
936,9.17072,14279.3,14279.3
937,9.12487,14279.3,14279.3
938,9.07925,14279.3,14279.3
939,9.03385,14279.3,14279.3
940,8.98868,14279.3,14279.3
941,8.94374,14279.3,14279.3
942,8.89902,14279.3,14279.3
943,8.85452,14279.3,14279.3
944,8.81025,14279.3,14279.3
945,8.7662,14279.3,14279.3
946,8.72237,14279.3,14279.3
947,8.67876,14279.3,14279.3
948,8.63536,14279.3,14279.3
949,8.59219,14279.3,14279.3
950,8.54922,14279.3,14279.3
951,8.50648,14279.3,14279.3
952,8.46395,14279.3,14279.3
953,8.42163,14279.3,14279.3
954,8.37952,14279.3,14279.3
955,8.33762,14279.3,14279.3
956,8.29593,14279.3,14279.3
957,8.25445,14279.3,14279.3
958,8.21318,14279.3,14279.3
959,8.17211,14279.3,14279.3
960,8.13125,14279.3,14279.3
961,8.0906,14279.3,14279.3
962,8.05014,14279.3,14279.3
963,8.00989,14279.3,14279.3
964,7.96984,14279.3,14279.3
965,7.93,14279.3,14279.3
966,7.89035,14279.3,14279.3
967,7.85089,14279.3,14279.3
968,7.81164,14279.3,14279.3
969,7.77258,14279.3,14279.3
970,7.73372,14279.3,14279.3
971,7.69505,14279.3,14279.3
972,7.65657,14279.3,14279.3
973,7.61829,14279.3,14279.3
974,7.5802,14279.3,14279.3
975,7.5423,14279.3,14279.3
976,7.50459,14279.3,14279.3
977,7.46706,14279.3,14279.3
978,7.42973,14279.3,14279.3
979,7.39258,14279.3,14279.3
980,7.35562,14279.3,14279.3
981,7.31884,14279.3,14279.3
982,7.28225,14279.3,14279.3
983,7.24583,14018.1,14018.1
984,7.2096,14018.1,14018.1
985,7.17356,13908.6,13908.6
986,7.13769,13908.6,13908.6
987,7.102,13908.6,13908.6
988,7.06649,13908.6,13908.6
989,7.03116,13908.6,13908.6
990,6.996,13908.6,13908.6
991,6.96102,13908.6,13908.6
992,6.92622,13908.6,13908.6
993,6.89159,13908.6,13908.6
994,6.85713,13908.6,13908.6
995,6.82284,13908.6,13908.6
996,6.78873,13908.6,13908.6
997,6.75478,13908.6,13908.6
998,6.72101,13908.6,13908.6
999,6.68741,13908.6,13908.6
1000,502.5,13908.6,13908.6
1001,499.987,13908.6,13908.6
1002,497.488,13908.6,13908.6
1003,495,13908.6,13908.6
1004,492.525,13908.6,13908.6
1005,490.062,13908.6,13908.6
1006,487.612,13908.6,13908.6
1007,485.174,13908.6,14191.3
1008,482.748,13908.6,14191.3
1009,480.335,13908.6,14286.4
1010,477.933,13908.6,14189.1
1011,475.543,13908.6,14189.1
1012,473.165,13908.6,14189.1
1013,470.8,13908.6,14189.1
1014,468.446,13908.6,14189.1
1015,466.103,13908.6,14189.1
1016,463.773,13908.6,14189.1
1017,461.454,13908.6,14189.1
1018,459.147,13908.6,14189.1
1019,456.851,13908.6,14189.1
1020,454.567,13908.6,14417.5
1021,452.294,13908.6,14417.5
1022,450.032,13908.6,14417.5
1023,447.782,13908.6,14417.5
1024,445.543,13908.6,14795.5
1025,443.316,13908.6,14795.5
1026,441.099,13908.6,14795.5
1027,438.894,13908.6,14795.5
1028,436.699,13908.6,15470.4
1029,434.516,13908.6,15470.4
1030,432.343,13908.6,15470.4
1031,430.181,13908.6,16453.9
1032,428.03,13908.6,16453.9
1033,425.89,13908.6,16453.9
1034,423.761,13908.6,16241.3
1035,421.642,13908.6,16241.3
1036,419.534,13908.6,16620.5
1037,417.436,13908.6,16620.5
1038,415.349,13908.6,16648.7
1039,413.272,13908.6,16648.7
1040,411.206,13908.6,16648.7
1041,409.15,13908.6,16648.7
1042,407.104,13908.6,16648.7
1043,405.069,13908.6,16384.5
1044,403.043,13908.6,16384.5
1045,401.028,13908.6,16384.5
1046,399.023,13908.6,15864.8
1047,397.028,13908.6,15864.8
1048,395.043,13908.6,15864.8
1049,393.067,13908.6,15864.8
1050,391.102,13908.6,15864.8
1051,389.147,13908.6,15864.8
1052,387.201,13908.6,16187.9
1053,385.265,13908.6,16187.9
1054,383.338,13908.6,16187.9
1055,381.422,13908.6,16187.9
1056,379.515,13908.6,16331.1
1057,377.617,13908.6,16331.1
1058,375.729,13908.6,16795.9
1059,373.85,13908.6,16590.9
1060,371.981,13908.6,16590.9
1061,370.121,13908.6,16111.7
1062,368.271,13908.6,16111.7
1063,366.429,13908.6,15933.9
1064,364.597,13908.6,16281.1
1065,362.774,13908.6,16281.1
1066,360.96,13908.6,16336.1
1067,359.155,13908.6,16583.7
1068,357.36,13908.6,16583.7
1069,355.573,13908.6,17242
1070,353.795,13908.6,17242
1071,352.026,13908.6,17122
1072,350.266,13908.6,17122
1073,348.515,13908.6,17122
1074,346.772,13908.6,17176
1075,345.038,13908.6,17329.1
1076,343.313,13908.6,17302.2
1077,341.596,13908.6,17302.2
1078,339.888,13908.6,17298.5
1079,338.189,13908.6,17298.5
1080,336.498,13908.6,17298.5
1081,334.816,13908.6,17272.6
1082,333.141,13908.6,17272.6
1083,331.476,13908.6,17323.1
1084,329.818,13908.6,17323.1
1085,328.169,13908.6,17323.1
1086,326.528,13908.6,17323.1
1087,324.896,13908.6,17323.1
1088,323.271,13908.6,17323.1
1089,321.655,13908.6,17323.1
1090,320.047,13908.6,17442.2
1091,318.446,13908.6,17442.2
1092,316.854,13908.6,17442.2
1093,315.27,13908.6,17442.2
1094,313.694,13908.6,17442.2
1095,312.125,13908.6,17442.2
1096,310.565,13908.6,17442.2
1097,309.012,13908.6,17442.2
1098,307.467,13908.6,18163.3
1099,305.929,13908.6,18163.3
1100,304.4,13908.6,18163.3
1101,302.878,13908.6,18163.3
1102,301.363,13908.6,18163.3
1103,299.856,13908.6,18163.3
1104,298.357,13908.6,17923.7
1105,296.865,13908.6,17923.7
1106,295.381,13908.6,17923.7
1107,293.904,13908.6,17881.6
1108,292.435,13908.6,17881.6
1109,290.972,13908.6,17732.6
1110,289.518,13908.6,17732.6
1111,288.07,13908.6,17734.8
1112,286.63,13908.6,17734.8
1113,285.196,13908.6,17734.8
1114,283.771,13908.6,17734.8
1115,282.352,13908.6,17734.8
1116,280.94,13908.6,17734.8
1117,279.535,13908.6,17734.8
1118,278.138,13908.6,17734.8
1119,276.747,13908.6,17770.2
1120,275.363,13908.6,17770.2
1121,273.986,13908.6,17724.4
1122,272.616,13908.6,17724.4
1123,271.253,13908.6,17724.4
1124,269.897,13908.6,17717.3
1125,268.548,13908.6,17737.7
1126,267.205,13908.6,17737.7
1127,265.869,13908.6,17737.7
1128,264.539,13908.6,18158
1129,263.217,13908.6,18158
1130,261.901,13908.6,18158
1131,260.591,13908.6,18410.8
1132,259.288,13908.6,18410.8
1133,257.992,13908.6,18410.8
1134,256.702,13908.6,18028.3
1135,255.418,13908.6,18028.3
1136,254.141,13908.6,18028.3
1137,252.87,13908.6,18012.4
1138,251.606,13908.6,18012.4
1139,250.348,13908.6,18012.4
1140,249.096,13908.6,18012.4
1141,247.851,13908.6,18012.4
1142,246.612,13908.6,18012.4
1143,245.379,13908.6,18012.4
1144,244.152,13908.6,18012.4
1145,242.931,13908.6,18012.4
1146,241.716,13908.6,18012.4
1147,240.508,13908.6,18024.1
1148,239.305,13908.6,18024.1
1149,238.109,13908.6,17921.5
1150,236.918,13908.6,17921.5
1151,235.733,13908.6,17965.2
1152,234.555,13908.6,17965.2
1153,233.382,13908.6,17965.2
1154,232.215,13908.6,17965.2
1155,231.054,13908.6,17793.1
1156,229.899,13908.6,17996.2
1157,228.749,13908.6,17996.2
1158,227.606,13908.6,17996.2
1159,226.468,13908.6,17996.2
1160,225.335,13908.6,17996.2
1161,224.208,13908.6,17980.4
1162,223.087,13908.6,17976
1163,221.972,13908.6,17976
1164,220.862,13908.6,17976
1165,219.758,13908.6,17976
1166,218.659,13908.6,17976
1167,217.566,13908.6,17976
1168,216.478,13908.6,17976
1169,215.396,13908.6,17976
1170,214.319,13908.6,17976
1171,213.247,13908.6,18167.6
1172,212.181,13908.6,18167.6
1173,211.12,13908.6,18731.2
1174,210.064,13908.6,18731.2
1175,209.014,13908.6,18731.2
1176,207.969,13908.6,18731.2
1177,206.929,13908.6,18821.6
1178,205.894,13908.6,18791.2
1179,204.865,13908.6,18791.2
1180,203.841,13908.6,18791.2
1181,202.821,13908.6,18791.2
1182,201.807,13908.6,18791.2
1183,200.798,13908.6,18791.2
1184,199.794,13908.6,18791.2
1185,198.795,13908.6,18791.2
1186,197.801,13908.6,18791.2
1187,196.812,13908.6,18857.5
1188,195.828,13908.6,18857.5
1189,194.849,13908.6,18930
1190,193.875,13908.6,19092.1
1191,192.905,13908.6,18990.8
1192,191.941,13908.6,18990.8
1193,190.981,13908.6,18990.8
1194,190.026,13908.6,18611.1
1195,189.076,13908.6,18706.7
1196,188.131,13908.6,18706.7
1197,187.19,13908.6,18691.5
1198,186.254,13908.6,18691.5
1199,185.323,13908.6,18691.5
1200,184.396,13908.6,18691.5
1201,183.474,13908.6,18691.5
1202,182.557,13908.6,18691.5
1203,181.644,13908.6,18691.5
1204,180.736,13908.6,18691.5
1205,179.832,13908.6,18691.5
1206,178.933,13908.6,18691.5
1207,178.038,13908.6,18691.5
1208,177.148,13908.6,18701.2
1209,176.263,13908.6,18701.2
1210,175.381,13908.6,18701.2
1211,174.504,13908.6,18701.2
1212,173.632,13908.6,18701.2
1213,172.764,13908.6,18805.9
1214,171.9,13908.6,18733.4
1215,171.04,13908.6,18733.4
1216,170.185,13908.6,18733.4
1217,169.334,13908.6,18733.4
1218,168.487,13908.6,18733.4
1219,167.645,13908.6,18733.4
1220,166.807,13908.6,18733.4
1221,165.973,13908.6,18733.4
1222,165.143,13908.6,18733.4
1223,164.317,13908.6,18733.4
1224,163.496,13908.6,18733.4
1225,162.678,13908.6,18733.4
1226,161.865,13908.6,18536.1
1227,161.055,13908.6,18536.1
1228,160.25,13908.6,18536.1
1229,159.449,13908.6,18589.6
1230,158.652,13908.6,18589.6
1231,157.858,13908.6,18381.1
1232,157.069,13908.6,18381.1
1233,156.284,13908.6,18381.1
1234,155.502,13908.6,18381.1
1235,154.725,13908.6,18381.1
1236,153.951,13908.6,18381.1
1237,153.181,13908.6,18381.1
1238,152.416,13908.6,18381.1
1239,151.653,13908.6,18381.1
1240,150.895,13908.6,18381.1
1241,150.141,13908.6,18381.1
1242,149.39,13908.6,18381.1
1243,148.643,13908.6,18381.1
1244,147.9,13908.6,18276.2
1245,147.16,13908.6,18276.2
1246,146.425,13908.6,18276.2
1247,145.692,13908.6,18253.6
1248,144.964,13908.6,18253.6
1249,144.239,13908.6,18145.9
1250,143.518,13908.6,18105.3
1251,142.8,13908.6,18105.3
1252,142.086,13908.6,18105.3
1253,141.376,13908.6,18105.3
1254,140.669,13908.6,18105.3
1255,139.966,13908.6,18085
1256,139.266,13908.6,18085
1257,138.57,13908.6,18085
1258,137.877,13908.6,18085
1259,137.187,13908.6,18085
1260,136.501,13908.6,18285
1261,135.819,13908.6,18285
1262,135.14,13908.6,18285
1263,134.464,13908.6,18285
1264,133.792,13908.6,18285
1265,133.123,13908.6,18285
1266,132.457,13908.6,18383.8
1267,131.795,13908.6,18383.8
1268,131.136,13908.6,18383.8
1269,130.48,13908.6,18383.8
1270,129.828,13908.6,17447.6
1271,129.179,13908.6,17447.6
1272,128.533,13908.6,17447.6
1273,127.89,13908.6,17107.5
1274,127.251,13908.6,17132.8
1275,126.614,13908.6,17132.8
1276,125.981,13908.6,17312.9
1277,125.351,13908.6,17312.9
1278,124.725,13908.6,17312.9
1279,124.101,13908.6,17312.9
1280,123.481,13908.6,17312.9
1281,122.863,13908.6,17312.9
1282,122.249,13908.6,17312.9
1283,121.638,13908.6,17312.9
1284,121.029,13908.6,17312.9
1285,120.424,13908.6,17312.9
1286,119.822,13908.6,17312.9
1287,119.223,13908.6,17312.9
1288,118.627,13908.6,17312.9
1289,118.034,13908.6,17312.9
1290,117.444,13908.6,17312.9
1291,116.856,13908.6,17312.9
1292,116.272,13908.6,17312.9
1293,115.691,13908.6,17312.9
1294,115.112,13908.6,17312.9
1295,114.537,13908.6,17312.9
1296,113.964,13908.6,17312.9
1297,113.394,13908.6,17312.9
1298,112.827,13908.6,17137.1
1299,112.263,13908.6,16945.5
1300,111.702,13908.6,16945.5
1301,111.143,13908.6,16945.5
1302,110.588,13908.6,16940.4
1303,110.035,13908.6,16940.4
1304,109.484,13908.6,16940.4
1305,108.937,13908.6,16705.8
1306,108.392,13908.6,16705.8
1307,107.85,13908.6,16705.8
1308,107.311,13908.6,16705.8
1309,106.775,13908.6,16705.8
1310,106.241,13908.6,16705.8
1311,105.71,13908.6,16705.8
1312,105.181,13908.6,16705.8
1313,104.655,13908.6,16705.8
1314,104.132,13908.6,16705.8
1315,103.611,13908.6,16625.1
1316,103.093,13908.6,16625.1
1317,102.578,13908.6,16698.8
1318,102.065,13908.6,16698.8
1319,101.554,13908.6,16624.1
1320,101.047,13908.6,16624.1
1321,100.541,13908.6,16624.1
1322,100.039,13908.6,16624.1
1323,99.5385,13908.6,16624.1
1324,99.0408,13908.6,16443.1
1325,98.5456,13908.6,16443.1
1326,98.0529,13908.6,16443.1
1327,97.5626,13908.6,16443.1
1328,97.0748,13908.6,16443.1
1329,96.5894,13908.6,16443.1
1330,96.1065,13908.6,16443.1
1331,95.626,13908.6,16443.1
1332,95.1478,13908.6,15737.7
1333,94.6721,13908.6,15737.7
1334,94.1987,13908.6,15737.7
1335,93.7277,13908.6,15737.7
1336,93.2591,13908.6,15737.7
1337,92.7928,13908.6,15737.7
1338,92.3288,13908.6,15687.3
1339,91.8672,13908.6,15687.3
1340,91.4079,13908.6,15687.3
1341,90.9508,13908.6,15687.3
1342,90.4961,13908.6,15687.3
1343,90.0436,13908.6,15687.3
1344,89.5934,13908.6,15687.3
1345,89.1454,13908.6,15687.3
1346,88.6997,13908.6,15687.3
1347,88.2562,13908.6,15687.3
1348,87.8149,13908.6,15687.3
1349,87.3758,13908.6,15687.3
1350,86.9389,13908.6,15687.3
1351,86.5042,13908.6,15687.3
1352,86.0717,13908.6,15687.3
1353,85.6414,13908.6,15687.3
1354,85.2132,13908.6,15687.3
1355,84.7871,13908.6,15687.3
1356,84.3632,13908.6,15687.3
1357,83.9413,13908.6,15687.3
1358,83.5216,13908.6,15687.3
1359,83.104,13908.6,15687.3
1360,82.6885,13908.6,15620.3
1361,82.2751,13908.6,15620.3
1362,81.8637,13908.6,15612
1363,81.4544,13908.6,15612
1364,81.0471,13908.6,15612
1365,80.6419,13908.6,15632.2
1366,80.2387,13908.6,15632.2
1367,79.8375,13908.6,15632.2
1368,79.4383,13908.6,15632.2
1369,79.0411,13908.6,15607.3
1370,78.6459,13908.6,15607.3
1371,78.2526,13908.6,15607.3
1372,77.8614,13908.6,15607.3
1373,77.4721,13908.6,15607.3
1374,77.0847,13908.6,15596.4
1375,76.6993,13908.6,15596.4
1376,76.3158,13908.6,15724.4
1377,75.9342,13908.6,15724.4
1378,75.5545,13908.6,15724.4
1379,75.1768,13908.6,15724.4
1380,74.8009,13908.6,15724.4
1381,74.4269,13908.6,15724.4
1382,74.0547,13908.6,15724.4
1383,73.6845,13908.6,15724.4
1384,73.3161,13908.6,15724.4
1385,72.9495,13908.6,15723.1
1386,72.5847,13908.6,15723.1
1387,72.2218,13908.6,15723.1
1388,71.8607,13908.6,15723.1
1389,71.5014,13908.6,15723.1
1390,71.1439,13908.6,15723.1
1391,70.7882,13908.6,15723.1
1392,70.4342,13908.6,15723.1
1393,70.0821,13908.6,15723.1
1394,69.7316,13908.6,15723.1
1395,69.383,13908.6,15723.1
1396,69.0361,13908.6,15680.1
1397,68.6909,13908.6,15680.1
1398,68.3474,13908.6,15680.1
1399,68.0057,13908.6,15680.1
1400,67.6657,13908.6,15680.1
1401,67.3273,13908.6,15680.1
1402,66.9907,13908.6,15680.1
1403,66.6557,13908.6,15680.1
1404,66.3225,13908.6,15680.1
1405,65.9909,13908.6,15680.1
1406,65.6609,13908.6,15680.1
1407,65.3326,13908.6,15680.1
1408,65.0059,13908.6,15680.1
1409,64.6809,13908.6,15680.1
1410,64.3575,13908.6,15453.1
1411,64.0357,13908.6,15453.1
1412,63.7155,13908.6,15453.1
1413,63.397,13908.6,15453.1
1414,63.08,13908.6,15453.1
1415,62.7646,13908.6,15453.1
1416,62.4507,13908.6,15453.1
1417,62.1385,13908.6,15453.1
1418,61.8278,13908.6,15467.6
1419,61.5187,13908.6,15467.6
1420,61.2111,13908.6,15467.6
1421,60.905,13908.6,15532.3
1422,60.6005,13908.6,15532.3
1423,60.2975,13908.6,15532.3
1424,59.996,13908.6,15544.5
1425,59.696,13908.6,15544.5
1426,59.3975,13908.6,15544.5
1427,59.1006,13908.6,15544.5
1428,58.8051,13908.6,15544.5
1429,58.511,13908.6,15295.3
1430,58.2185,13908.6,15295.3
1431,57.9274,13908.6,15295.3
1432,57.6377,13908.6,15295.3
1433,57.3496,13908.6,15295.3
1434,57.0628,13908.6,15295.3
1435,56.7775,13908.6,15295.3
1436,56.4936,13908.6,15295.3
1437,56.2111,13908.6,15295.3
1438,55.9301,13908.6,15295.3
1439,55.6504,13908.6,15295.3
1440,55.3722,13908.6,15295.3
1441,55.0953,13908.6,15295.3
1442,54.8198,13908.6,15295.3
1443,54.5457,13908.6,15295.3
1444,54.273,13908.6,15295.3
1445,54.0016,13908.6,15295.3
1446,53.7316,13908.6,15295.3
1447,53.463,13908.6,15295.3
1448,53.1957,13908.6,15295.3
1449,52.9297,13908.6,15295.3
1450,52.665,13908.6,15295.3
1451,52.4017,13908.6,15295.3
1452,52.1397,13908.6,15295.3
1453,51.879,13908.6,15295.3
1454,51.6196,13908.6,15295.3
1455,51.3615,13908.6,15295.3
1456,51.1047,13908.6,15295.3
1457,50.8492,13908.6,15295.3
1458,50.5949,13908.6,15295.3
1459,50.342,13908.6,15295.3
1460,50.0903,13908.6,15295.3
1461,49.8398,13908.6,15295.3
1462,49.5906,13908.6,15295.3
1463,49.3426,13908.6,15295.3
1464,49.0959,13908.6,15295.3
1465,48.8505,13908.6,15295.3
1466,48.6062,13908.6,15295.3
1467,48.3632,13908.6,15295.3
1468,48.1214,13908.6,15295.3
1469,47.8807,13908.6,15295.3
1470,47.6413,13908.6,15295.3
1471,47.4031,13908.6,15295.3
1472,47.1661,13908.6,15295.3
1473,46.9303,13908.6,15295.3
1474,46.6956,13908.6,15301.7
1475,46.4622,13908.6,15301.7
1476,46.2299,13908.6,15301.7
1477,45.9987,13908.6,15288.2
1478,45.7687,13908.6,15288.2
1479,45.5399,13908.6,15288.2
1480,45.3122,13908.6,15288.2
1481,45.0856,13908.6,15288.2
1482,44.8602,13908.6,15288.2
1483,44.6359,13908.6,15288.2
1484,44.4127,13908.6,15288.2
1485,44.1906,13908.6,15288.2
1486,43.9697,13908.6,15288.2
1487,43.7498,13908.6,15288.2
1488,43.5311,13908.6,15288.2
1489,43.3134,13908.6,15288.2
1490,43.0969,13908.6,15288.2
1491,42.8814,13908.6,15288.2
1492,42.667,13908.6,15288.2
1493,42.4536,13908.6,15288.2
1494,42.2414,13908.6,15288.2
1495,42.0302,13908.6,15288.2
1496,41.82,13908.6,15288.2
1497,41.6109,13908.6,15288.2
1498,41.4029,13908.6,15288.2
1499,41.1958,13908.6,15288.2
1500,40.9899,13908.6,15288.2
1501,40.7849,13908.6,15288.2
1502,40.581,13908.6,15288.2
1503,40.3781,13908.6,15288.2
1504,40.1762,13908.6,15288.2
1505,39.9753,13908.6,15183.7
1506,39.7754,13908.6,15183.7
1507,39.5766,13908.6,15183.7
1508,39.3787,13908.6,15183.7
1509,39.1818,13908.6,15183.7
1510,38.9859,13908.6,15183.7
1511,38.7909,13908.6,15183.7
1512,38.597,13908.6,15183.7
1513,38.404,13908.6,15183.7
1514,38.212,13908.6,15183.7
1515,38.0209,13908.6,15183.7
1516,37.8308,13908.6,15183.7
1517,37.6417,13908.6,15183.7
1518,37.4535,13908.6,15194.9
1519,37.2662,13908.6,15194.9
1520,37.0799,13908.6,15194.9
1521,36.8945,13908.6,15194.9
1522,36.71,13908.6,15194.9
1523,36.5264,13908.6,15194.9
1524,36.3438,13908.6,15194.9
1525,36.1621,13908.6,15194.9
1526,35.9813,13908.6,15194.9
1527,35.8014,13908.6,15194.9
1528,35.6224,13908.6,15194.9
1529,35.4442,13908.6,15194.9
1530,35.267,13908.6,15194.9
1531,35.0907,13908.6,15194.9
1532,34.9152,13908.6,15194.9
1533,34.7407,13908.6,15194.9
1534,34.567,13908.6,15194.9
1535,34.3941,13908.6,15194.9
1536,34.2222,13908.6,15194.9
1537,34.051,13908.6,15194.9
1538,33.8808,13908.6,15194.9
1539,33.7114,13908.6,15194.9
1540,33.5428,13908.6,15194.9
1541,33.3751,13908.6,15194.9
1542,33.2082,13908.6,15194.9
1543,33.0422,13908.6,15194.9
1544,32.877,13908.6,15194.9
1545,32.7126,13908.6,15194.9
1546,32.549,13908.6,15194.9
1547,32.3863,13908.6,15194.9
1548,32.2244,13908.6,15194.9
1549,32.0632,13908.6,15194.9
1550,31.9029,13908.6,15194.9
1551,31.7434,13908.6,15194.9
1552,31.5847,13908.6,14867
1553,31.4268,13908.6,14867
1554,31.2696,13908.6,14867
1555,31.1133,13908.6,14867
1556,30.9577,13908.6,14867
1557,30.8029,13908.6,14867
1558,30.6489,13908.6,14867
1559,30.4957,13908.6,14867
1560,30.3432,13908.6,14867
1561,30.1915,13908.6,14867
1562,30.0405,13908.6,14867
1563,29.8903,13908.6,14867
1564,29.7409,13908.6,14699.7
1565,29.5922,13908.6,14413.8
1566,29.4442,13908.6,14413.8
1567,29.297,13908.6,14413.8
1568,29.1505,13908.6,14413.8
1569,29.0047,13908.6,14413.8
1570,28.8597,13908.6,14413.8
1571,28.7154,13908.6,14413.8
1572,28.5718,13908.6,14413.8
1573,28.429,13908.6,14362.4
1574,28.2868,13908.6,14362.4
1575,28.1454,13908.6,14362.4
1576,28.0047,13908.6,14362.4
1577,27.8647,13908.6,14362.4
1578,27.7253,13908.6,14362.4
1579,27.5867,13908.6,14362.4
1580,27.4488,13908.6,14362.4
1581,27.3115,13908.6,14362.4
1582,27.175,13908.6,14362.4
1583,27.0391,13908.6,14362.4
1584,26.9039,13908.6,14362.4
1585,26.7694,13908.6,14362.4
1586,26.6355,13908.6,14362.4
1587,26.5024,13908.6,14362.4
1588,26.3698,13908.6,14362.4
1589,26.238,13908.6,14362.4
1590,26.1068,13908.6,14362.4
1591,25.9763,13908.6,14362.4
1592,25.8464,13908.6,14362.4
1593,25.7172,13908.6,14362.4
1594,25.5886,13908.6,14362.4
1595,25.4606,13908.6,14362.4
1596,25.3333,13908.6,14362.4
1597,25.2067,13908.6,14362.4
1598,25.0806,13908.6,14362.4
1599,24.9552,13908.6,14362.4
1600,24.8304,13908.6,14362.4
1601,24.7063,13908.6,14362.4
1602,24.5828,13908.6,14362.4
1603,24.4598,13908.6,14362.4
1604,24.3375,13908.6,14362.4
1605,24.2159,13908.6,14362.4
1606,24.0948,13908.6,14362.4
1607,23.9743,13908.6,14362.4
1608,23.8544,13908.6,14362.4
1609,23.7352,13908.6,14362.4
1610,23.6165,13908.6,14362.4
1611,23.4984,13908.6,14362.4
1612,23.3809,13908.6,14362.4
1613,23.264,13908.6,14362.4
1614,23.1477,13908.6,14362.4
1615,23.032,13908.6,14362.4
1616,22.9168,13908.6,14362.4
1617,22.8022,13908.6,14362.4
1618,22.6882,13908.6,14362.4
1619,22.5748,13908.6,14362.4
1620,22.4619,13908.6,14362.4
1621,22.3496,13908.6,14362.4
1622,22.2378,13908.6,14362.4
1623,22.1266,13908.6,14362.4
1624,22.016,13908.6,14362.4
1625,21.9059,13908.6,14362.4
1626,21.7964,13908.6,14362.4
1627,21.6874,13908.6,14362.4
1628,21.579,13908.6,14362.4
1629,21.4711,13908.6,14362.4
1630,21.3637,13908.6,14362.4
1631,21.2569,13908.6,14362.4
1632,21.1506,13908.6,14362.4
1633,21.0449,13908.6,14362.4
1634,20.9396,13908.6,14362.4
1635,20.8349,13908.6,14362.4
1636,20.7308,13908.6,14362.4
1637,20.6271,13908.6,14362.4
1638,20.524,13908.6,14362.4
1639,20.4214,13908.6,14362.4
1640,20.3193,13908.6,14362.4
1641,20.2177,13908.6,14362.4
1642,20.1166,13908.6,14362.4
1643,20.016,13908.6,14362.4
1644,19.9159,13908.6,14362.4
1645,19.8163,13908.6,14362.4
1646,19.7172,13908.6,14362.4
1647,19.6187,13908.6,14362.4
1648,19.5206,13908.6,14362.4
1649,19.423,13908.6,14354.3
1650,19.3258,13908.6,14354.3
1651,19.2292,13908.6,14354.3
1652,19.1331,13908.6,14354.3
1653,19.0374,13908.6,14354.3
1654,18.9422,13908.6,14354.3
1655,18.8475,13908.6,14354.3
1656,18.7533,13908.6,14354.3
1657,18.6595,13908.6,14354.3
1658,18.5662,13908.6,14354.3
1659,18.4734,13908.6,14354.3
1660,18.381,13908.6,14354.3
1661,18.2891,13908.6,14309.2
1662,18.1977,13908.6,14317.3
1663,18.1067,13908.6,14317.3
1664,18.0161,13908.6,14317.3
1665,17.9261,13908.6,14317.3
1666,17.8364,13908.6,14317.3
1667,17.7472,13908.6,14317.3
1668,17.6585,13908.6,14317.3
1669,17.5702,13908.6,14317.3
1670,17.4824,13908.6,14317.3
1671,17.395,13908.6,14317.3
1672,17.308,13908.6,14317.3
1673,17.2214,13908.6,14317.3
1674,17.1353,13908.6,14317.3
1675,17.0497,13908.6,14317.3
1676,16.9644,13908.6,14317.3
1677,16.8796,13908.6,14317.3
1678,16.7952,13908.6,14317.3
1679,16.7112,13908.6,14317.3
1680,16.6277,13908.6,14317.3
1681,16.5445,13908.6,14317.3
1682,16.4618,13908.6,14317.3
1683,16.3795,13908.6,14317.3
1684,16.2976,13908.6,14317.3
1685,16.2161,13908.6,14317.3
1686,16.135,13908.6,14317.3
1687,16.0543,13908.6,14317.3
1688,15.9741,13908.6,14317.3
1689,15.8942,13908.6,14317.3
1690,15.8147,13908.6,14317.4
1691,15.7357,13908.6,14317.4
1692,15.657,13908.6,14317.4
1693,15.5787,13908.6,14317.4
1694,15.5008,13908.6,14317.4
1695,15.4233,13908.6,14317.4
1696,15.3462,13908.6,14317.4
1697,15.2694,13908.6,14317.4
1698,15.1931,13908.6,14317.4
1699,15.1171,13908.6,14317.4
1700,15.0415,13908.6,14317.4
1701,14.9663,13908.6,14317.4
1702,14.8915,13908.6,14316
1703,14.8171,13908.6,14316
1704,14.743,13908.6,14316
1705,14.6693,13908.6,14316
1706,14.5959,13908.6,14316
1707,14.5229,13908.6,14316
1708,14.4503,13908.6,14316
1709,14.3781,13908.6,14316
1710,14.3062,13908.6,14316
1711,14.2346,13908.6,14316
1712,14.1635,13908.6,14316
1713,14.0926,13908.6,14316
1714,14.0222,13908.6,14316
1715,13.9521,13908.6,14316
1716,13.8823,13908.6,14316
1717,13.8129,13908.6,14316
1718,13.7438,13908.6,14316
1719,13.6751,13908.6,14316
1720,13.6067,13908.6,14316
1721,13.5387,13908.6,14316
1722,13.471,13908.6,14316
1723,13.4037,13908.6,14316
1724,13.3366,13908.6,14316
1725,13.27,13908.6,14316
1726,13.2036,13908.6,14316
1727,13.1376,13908.6,14316
1728,13.0719,13908.6,14316
1729,13.0065,13908.6,14316
1730,12.9415,13908.6,14316
1731,12.8768,13908.6,14316
1732,12.8124,13908.6,14316
1733,12.7484,13908.6,14316
1734,12.6846,13908.6,14316
1735,12.6212,13908.6,14316
1736,12.5581,13908.6,14316
1737,12.4953,13908.6,14316
1738,12.4328,13908.6,14316
1739,12.3707,13908.6,14316
1740,12.3088,13908.6,14316
1741,12.2473,13908.6,14316
1742,12.186,13908.6,14316
1743,12.1251,13908.6,14316
1744,12.0645,13908.6,14316
1745,12.0041,13908.6,14316
1746,11.9441,13908.6,14316
1747,11.8844,13908.6,14316
1748,11.825,13908.6,14316
1749,11.7659,13908.6,14316
1750,11.707,13908.6,14316
1751,11.6485,13908.6,14316
1752,11.5902,13908.6,14316
1753,11.5323,13908.6,14316
1754,11.4746,13908.6,14316
1755,11.4173,13908.6,14316
1756,11.3602,13908.6,14316
1757,11.3034,13908.6,14316
1758,11.2469,13908.6,14316
1759,11.1906,13908.6,14179.4
1760,11.1347,13908.6,14179.4
1761,11.079,13908.6,14179.4
1762,11.0236,13908.6,14179.4
1763,10.9685,13908.6,14179.4
1764,10.9136,13908.6,14179.4
1765,10.8591,13908.6,14179.4
1766,10.8048,13908.6,14179.4
1767,10.7508,13908.6,14179.4
1768,10.697,13908.6,14179.4
1769,10.6435,13908.6,14179.4
1770,10.5903,13908.6,14179.4
1771,10.5373,13908.6,14179.4
1772,10.4847,13908.6,14179.4
1773,10.4322,13908.6,14179.4
1774,10.3801,13908.6,14179.4
1775,10.3282,13908.6,14179.4
1776,10.2765,13908.6,14179.4
1777,10.2252,13908.6,14179.4
1778,10.174,13908.6,14179.4
1779,10.1232,13908.6,14179.4
1780,10.0725,13908.6,14179.4
1781,10.0222,13908.6,14179.4
1782,9.97207,13908.6,14179.4
1783,9.92221,13908.6,14179.4
1784,9.8726,13908.6,14179.4
1785,9.82323,13908.6,14179.4
1786,9.77412,13908.6,14179.4
1787,9.72525,13908.6,14179.4
1788,9.67662,13908.6,14154
1789,9.62824,13908.6,14154
1790,9.5801,13908.6,14154
1791,9.5322,13908.6,14154
1792,9.48453,13908.6,14154
1793,9.43711,13908.6,14154
1794,9.38993,13908.6,14154
1795,9.34298,13908.6,14154
1796,9.29626,13908.6,14154
1797,9.24978,13908.6,14154
1798,9.20353,13908.6,14154
1799,9.15751,13908.6,14154
1800,9.11173,13908.6,14154
1801,9.06617,13908.6,14154
1802,9.02084,13908.6,14142.1
1803,8.97573,13908.6,14142.1
1804,8.93085,13908.6,14142.1
1805,8.8862,13908.6,14142.1
1806,8.84177,13908.6,14142.1
1807,8.79756,13908.6,14142.1
1808,8.75357,13908.6,14142.1
1809,8.7098,13908.6,14142.1
1810,8.66626,13908.6,14142.1
1811,8.62292,13908.6,14142.1
1812,8.57981,13908.6,14142.1
1813,8.53691,13908.6,14126.2
1814,8.49423,13908.6,14126.2
1815,8.45175,13908.6,14126.2
1816,8.4095,13908.6,14126.2
1817,8.36745,13908.6,14126.2
1818,8.32561,13908.6,14126.2
1819,8.28398,13908.6,14126.2
1820,8.24256,13908.6,14126.2
1821,8.20135,13908.6,14126.2
1822,8.16034,13908.6,14126.2
1823,8.11954,13908.6,14126.2
1824,8.07894,13908.6,14126.2
1825,8.03855,13908.6,14126.2
1826,7.99836,13908.6,14126.2
1827,7.95836,13908.6,14126.2
1828,7.91857,13908.6,14030.7
1829,7.87898,13908.6,14030.7
1830,7.83959,13908.6,14030.7
1831,7.80039,13908.6,14030.7
1832,7.76139,13908.6,14030.7
1833,7.72258,13908.6,14030.7
1834,7.68397,13908.6,14030.7
1835,7.64555,13908.6,14030.7
1836,7.60732,13908.6,14030.7
1837,7.56928,13908.6,14030.7
1838,7.53143,13908.6,14030.7
1839,7.49378,13908.6,14030.7
1840,7.45631,13908.6,14030.7
1841,7.41903,13908.6,14018
1842,7.38193,13908.6,14018
1843,7.34502,13908.6,14018
1844,7.3083,13908.6,14018
1845,7.27176,13792,13792
1846,7.2354,13792,13792
1847,7.19922,13792,13792
1848,7.16322,13792,13792
1849,7.12741,13792,13792
1850,7.09177,13792,13792
1851,7.05631,13792,13792
1852,7.02103,13792,13792
1853,6.98593,13792,13792
1854,6.951,13792,13792
1855,6.91624,13792,13792
1856,6.88166,13792,13792
1857,6.84725,13792,13792
1858,6.81302,13792,13792
1859,6.77895,13792,13792
1860,6.74506,13792,13792
1861,6.71133,13752,13752
1862,6.67777,13752,13752
1863,6.64438,13752,13752
1864,6.61116,13752,13752
1865,6.57811,13752,13752
1866,6.54522,13752,13752
1867,6.51249,13752,13752
1868,6.47993,13752,13752
1869,6.44753,13752,13752
1870,6.41529,13752,13752
1871,6.38321,13752,13752
1872,6.3513,13752,13752
1873,6.31954,13752,13752
1874,6.28794,13752,13752
1875,6.2565,13752,13752
1876,6.22522,13752,13752
1877,6.1941,13752,13752
1878,6.16312,13752,13752
1879,6.13231,13752,13752
1880,6.10165,13752,13752
1881,6.07114,13752,13752
1882,6.04078,13752,13752
1883,6.01058,13752,13752
1884,5.98053,13752,13752
1885,5.95062,13752,13752
1886,5.92087,13752,13752
1887,5.89127,13588.4,13588.4
1888,5.86181,13588.4,13588.4
1889,5.8325,13588.4,13588.4
1890,5.80334,13588.4,13588.4
1891,5.77432,13588.4,13588.4
1892,5.74545,13588.4,13588.4
1893,5.71672,13588.4,13588.4
1894,5.68814,13588.4,13588.4
1895,5.6597,13588.4,13588.4
1896,5.6314,13588.4,13588.4
1897,5.60324,13392.6,13392.6
1898,5.57523,13392.6,13392.6
1899,5.54735,13392.6,13392.6
1900,5.51961,13392.6,13392.6
1901,5.49202,13392.6,13392.6
1902,5.46456,13392.6,13392.6
1903,5.43723,13392.6,13392.6
1904,5.41005,13392.6,13392.6
1905,5.383,13392.6,13392.6
1906,5.35608,13392.6,13392.6
1907,5.3293,13392.6,13392.6
1908,5.30266,13392.6,13392.6
1909,5.27614,13392.6,13392.6
1910,5.24976,13392.6,13392.6
1911,5.22351,13392.6,13392.6
1912,5.19739,13392.6,13392.6
1913,5.17141,13392.6,13392.6
1914,5.14555,13392.6,13392.6
1915,5.11982,13392.6,13392.6
1916,5.09422,13392.6,13392.6
1917,5.06875,13392.6,13392.6
1918,5.04341,13392.6,13392.6
1919,5.01819,13392.6,13392.6
1920,4.9931,13392.6,13392.6
1921,4.96814,13392.6,13392.6
1922,4.94329,13392.6,13392.6
1923,4.91858,13392.6,13392.6
1924,4.89399,13392.6,13392.6
1925,4.86952,13392.6,13392.6
1926,4.84517,13392.6,13392.6
1927,4.82094,13392.6,13392.6
1928,4.79684,13392.6,13392.6
1929,4.77285,13392.6,13392.6
1930,4.74899,13392.6,13392.6
1931,4.72524,13392.6,13392.6
1932,4.70162,13392.6,13392.6
1933,4.67811,13392.6,13392.6
1934,4.65472,13392.6,13392.6
1935,4.63145,13392.6,13392.6
1936,4.60829,13392.6,13392.6
1937,4.58525,13392.6,13392.6
1938,4.56232,13302.1,13302.1
1939,4.53951,13302.1,13302.1
1940,4.51681,13302.1,13302.1
1941,4.49423,13302.1,13302.1
1942,4.47176,13302.1,13302.1
1943,4.4494,13302.1,13302.1
1944,4.42715,13302.1,13302.1
1945,4.40501,13302.1,13302.1
1946,4.38299,13302.1,13302.1
1947,4.36107,13302.1,13302.1
1948,4.33927,13302.1,13302.1
1949,4.31757,13302.1,13302.1
1950,4.29599,13302.1,13302.1
1951,4.27451,13302.1,13302.1
1952,4.25313,13302.1,13302.1
1953,4.23187,13302.1,13302.1
1954,4.21071,13302.1,13302.1
1955,4.18965,13302.1,13302.1
1956,4.16871,13302.1,13302.1
1957,4.14786,13302.1,13302.1
1958,4.12712,13302.1,13302.1
1959,4.10649,13302.1,13302.1
1960,4.08596,13302.1,13302.1
1961,4.06553,13302.1,13302.1
1962,4.0452,13302.1,13302.1
1963,4.02497,13302.1,13302.1
1964,4.00485,13302.1,13302.1
1965,3.98482,13302.1,13302.1
1966,3.9649,13302.1,13302.1
1967,3.94507,13302.1,13302.1
1968,3.92535,13302.1,13302.1
1969,3.90572,13280.9,13280.9
1970,3.88619,13280.9,13280.9
1971,3.86676,13280.9,13280.9
1972,3.84743,13280.9,13280.9
1973,3.82819,13280.9,13280.9
1974,3.80905,13280.9,13280.9
1975,3.79001,13280.9,13280.9
1976,3.77106,13280.9,13280.9
1977,3.7522,13280.9,13280.9
1978,3.73344,13280.9,13280.9
1979,3.71477,13280.9,13280.9
1980,3.6962,13280.9,13280.9
1981,3.67772,13280.9,13280.9
1982,3.65933,13280.9,13280.9
1983,3.64103,13280.9,13280.9
1984,3.62283,13280.9,13280.9
1985,3.60471,13280.9,13280.9
1986,3.58669,13280.9,13280.9
1987,3.56876,13280.9,13280.9
1988,3.55091,13280.9,13280.9
1989,3.53316,13280.9,13280.9
1990,3.51549,13280.9,13280.9
1991,3.49791,13280.9,13280.9
1992,3.48042,13280.9,13280.9
1993,3.46302,13280.9,13280.9
1994,3.44571,13280.9,13280.9
1995,3.42848,13280.9,13280.9
1996,3.41134,13280.9,13280.9
1997,3.39428,13208.6,13208.6
1998,3.37731,13208.6,13208.6
1999,3.36042,13208.6,13208.6
2000,334.665,13208.6,13208.6
2001,332.992,13208.6,13208.6
2002,331.327,13208.6,13208.6
2003,329.67,13208.6,13208.6
2004,328.022,13208.6,13208.6
2005,326.382,13208.6,13208.6
2006,324.75,13208.6,13208.6
2007,323.126,13208.6,13208.6
2008,321.51,13199.1,13199.1
2009,319.903,13199.1,13199.1
2010,318.303,13199.1,13199.1
2011,316.712,13199.1,13590.5
2012,315.128,13199.1,14603.6
2013,313.553,13199.1,14615.2
2014,311.985,13199.1,14615.2
2015,310.425,13199.1,14615.2
2016,308.873,13199.1,14615.2
2017,307.328,13199.1,14615.2
2018,305.792,13199.1,14615.2
2019,304.263,13199.1,14615.2
2020,302.741,13199.1,14615.2
2021,301.228,13199.1,14615.2
2022,299.722,13199.1,14615.2
2023,298.223,13199.1,14690.4
2024,296.732,13199.1,14690.4
2025,295.248,13199.1,14690.4
2026,293.772,13199.1,14690.4
2027,292.303,13199.1,14690.4
2028,290.842,13199.1,14690.4
2029,289.387,13199.1,14690.4
2030,287.94,13199.1,14690.4
2031,286.501,13199.1,13979.8
2032,285.068,13199.1,13979.8
2033,283.643,13199.1,13979.8
2034,282.225,13199.1,14011.6
2035,280.814,13199.1,14011.6
2036,279.41,13199.1,14011.6
2037,278.012,13199.1,14011.6
2038,276.622,13199.1,13976.4
2039,275.239,13199.1,13976.4
2040,273.863,13199.1,13976.4
2041,272.494,13199.1,13976.4
2042,271.131,13199.1,13976.4
2043,269.776,13199.1,14033
2044,268.427,13199.1,14033
2045,267.085,13199.1,14033
2046,265.749,13199.1,14196.6
2047,264.42,13199.1,14090.4
2048,263.098,13199.1,14090.4
2049,261.783,13199.1,14090.4
2050,260.474,13199.1,14090.4
2051,259.172,13199.1,14090.4
2052,257.876,13199.1,14090.4
2053,256.586,13199.1,14090.4
2054,255.303,13199.1,14090.4
2055,254.027,13199.1,14090.4
2056,252.757,13199.1,14090.4
2057,251.493,13199.1,14090.4
2058,250.236,13199.1,14090.4
2059,248.984,13199.1,14090.4
2060,247.739,13199.1,14090.4
2061,246.501,13199.1,14090.4
2062,245.268,13199.1,14090.4
2063,244.042,13199.1,14138.4
2064,242.822,13199.1,14172.5
2065,241.608,13199.1,14172.5
2066,240.4,13199.1,14172.5
2067,239.198,13199.1,14172.5
2068,238.002,13199.1,14172.5
2069,236.812,13199.1,14172.5
2070,235.627,13199.1,14172.5
2071,234.449,13199.1,14172.5
2072,233.277,13199.1,14172.5
2073,232.111,13199.1,14172.5
2074,230.95,13199.1,14172.5
2075,229.795,13199.1,14172.5
2076,228.646,13199.1,13334.1
2077,227.503,13199.1,13334.1
2078,226.366,13199.1,13334.1
2079,225.234,13199.1,13334.1
2080,224.108,13199.1,13334.1
2081,222.987,13138.8,13138.8
2082,221.872,13138.8,13138.8
2083,220.763,13138.8,13138.8
2084,219.659,13138.8,13138.8
2085,218.561,13138.8,13138.8
2086,217.468,13138.8,13138.8
2087,216.381,13138.8,13138.8
2088,215.299,13138.8,13138.8
2089,214.222,13138.8,13138.8
2090,213.151,13138.8,13138.8
2091,212.085,13138.8,13138.8
2092,211.025,13138.8,13138.8
2093,209.97,13138.8,13138.8
2094,208.92,13138.8,13138.8
2095,207.875,13138.8,13138.8
2096,206.836,13138.8,13179.2
2097,205.802,13138.8,13179.2
2098,204.773,13138.8,13179.2
2099,203.749,13138.8,13179.2
2100,202.73,13138.8,13179.2
2101,201.717,13138.8,13179.2
2102,200.708,13138.8,13179.2
2103,199.704,13138.8,13179.2
2104,198.706,13138.8,13179.2
2105,197.712,13138.8,13179.2
2106,196.724,13138.8,13179.2
2107,195.74,13138.8,13579.2
2108,194.761,13138.8,13579.2
2109,193.788,13138.8,13579.2
2110,192.819,13138.8,13579.2
2111,191.855,13138.8,13579.2
2112,190.895,13138.8,13579.2
2113,189.941,13138.8,13677.3
2114,188.991,13138.8,13677.3
2115,188.046,13138.8,13677.3
2116,187.106,13138.8,13684.2
2117,186.17,13138.8,13684.2
2118,185.24,13138.8,13679.8
2119,184.313,13138.8,13679.8
2120,183.392,13138.8,13679.8
2121,182.475,13138.8,13679.8
2122,181.562,13138.8,13679.8
2123,180.655,13138.8,13679.8
2124,179.751,13138.8,13679.8
2125,178.853,13138.8,13679.8
2126,177.958,13138.8,13679.8
2127,177.069,13138.8,13679.8
2128,176.183,13138.8,13679.8
2129,175.302,13138.8,13714.4
2130,174.426,13138.8,13714.4
2131,173.554,13138.8,13714.4
2132,172.686,13138.8,13714.4
2133,171.823,13138.8,13714.4
2134,170.963,13138.8,13714.4
2135,170.109,13138.8,13714.4
2136,169.258,13138.8,13714.4
2137,168.412,13138.8,13714.4
2138,167.57,13138.8,13714.4
2139,166.732,13138.8,13714.4
2140,165.898,13138.8,13714.4
2141,165.069,13138.8,13637.2
2142,164.243,13138.8,13637.2
2143,163.422,13138.8,13637.2
2144,162.605,13138.8,13637.2
2145,161.792,13138.8,13637.2
2146,160.983,13138.8,13637.2
2147,160.178,13138.8,13637.2
2148,159.377,13138.8,13637.2
2149,158.58,13138.8,13739.6
2150,157.787,13138.8,13739.6
2151,156.998,13138.8,13739.6
2152,156.214,13138.8,13739.6
2153,155.432,13138.8,13739.6
2154,154.655,13138.8,13739.6
2155,153.882,13138.8,13739.6
2156,153.113,13138.8,13739.6
2157,152.347,13138.8,14099.7
2158,151.585,13138.8,14099.7
2159,150.827,13138.8,14099.7
2160,150.073,13138.8,13955.4
2161,149.323,13138.8,13955.4
2162,148.576,13138.8,13955.4
2163,147.833,13138.8,13955.4
2164,147.094,13138.8,13955.4
2165,146.359,13138.8,13955.4
2166,145.627,13138.8,13955.4
2167,144.899,13138.8,13955.4
2168,144.174,13138.8,13955.4
2169,143.453,13138.8,13718.7
2170,142.736,13138.8,13718.7
2171,142.022,13138.8,13718.7
2172,141.312,13138.8,13718.7
2173,140.606,13138.8,13718.7
2174,139.903,13138.8,13718.7
2175,139.203,13138.8,13718.7
2176,138.507,13138.8,13718.7
2177,137.815,13138.8,13718.7
2178,137.126,13138.8,13718.7
2179,136.44,13138.8,13718.7
2180,135.758,13138.8,13718.7
2181,135.079,13138.8,13718.7
2182,134.404,13138.8,13718.7
2183,133.732,13138.8,13718.7
2184,133.063,13138.8,13718.7
2185,132.398,13138.8,13718.7
2186,131.736,13138.8,13718.7
2187,131.077,13138.8,13718.7
2188,130.422,13138.8,13718.7
2189,129.769,13138.8,13718.7
2190,129.121,13138.8,13718.7
2191,128.475,13138.8,13718.7
2192,127.833,13138.8,13718.7
2193,127.193,13138.8,13718.7
2194,126.558,13138.8,13718.7
2195,125.925,13138.8,13718.7
2196,125.295,13138.8,13718.7
2197,124.669,13138.8,13718.7
2198,124.045,13138.8,13718.7
2199,123.425,13138.8,13718.7
2200,122.808,13138.8,13718.7
2201,122.194,13138.8,13718.7
2202,121.583,13138.8,13718.7
2203,120.975,13138.8,13718.7
2204,120.37,13138.8,13718.7
2205,119.768,13138.8,13718.7
2206,119.169,13138.8,13718.7
2207,118.574,13138.8,13718.7
2208,117.981,13138.8,13718.7
2209,117.391,13138.8,13718.7
2210,116.804,13138.8,13718.7
2211,116.22,13138.8,13718.7
2212,115.639,13138.8,13718.7
2213,115.061,13138.8,13718.7
2214,114.485,13138.8,13752
2215,113.913,13138.8,13752
2216,113.343,13138.8,13752
2217,112.777,13138.8,13752
2218,112.213,13138.8,13651.1
2219,111.652,13138.8,13651.1
2220,111.093,13138.8,13554.3
2221,110.538,13138.8,13554.3
2222,109.985,13138.8,13554.3
2223,109.435,13138.8,13554.3
2224,108.888,13138.8,13554.3
2225,108.344,13138.8,13554.3
2226,107.802,13138.8,13554.3
2227,107.263,13138.8,13554.3
2228,106.727,13138.8,13554.3
2229,106.193,13138.8,13531.5
2230,105.662,13138.8,13531.5
2231,105.134,13138.8,13531.5
2232,104.608,13138.8,13531.5
2233,104.085,13138.8,13531.5
2234,103.565,13138.8,13531.5
2235,103.047,13138.8,13531.5
2236,102.532,13138.8,13531.5
2237,102.019,13138.8,13531.5
2238,101.509,13138.8,13531.5
2239,101.001,13138.8,13531.5
2240,100.496,13138.8,13531.5
2241,99.9937,13138.8,13531.5
2242,99.4938,13138.8,13531.5
2243,98.9963,13138.8,13304.4
2244,98.5013,13138.8,13304.4
2245,98.0088,13138.8,13304.4
2246,97.5188,13138.8,13304.4
2247,97.0312,13138.8,13304.4
2248,96.546,13138.8,13304.4
2249,96.0633,13138.8,13304.4
2250,95.583,13138.8,13304.4
2251,95.105,13138.8,13304.4
2252,94.6295,13138.8,13304.4
2253,94.1564,13138.8,13304.4
2254,93.6856,13138.8,13304.4
2255,93.2172,13138.8,13304.4
2256,92.7511,13138.8,13304.4
2257,92.2873,13138.8,13304.4
2258,91.8259,13138.8,13304.4
2259,91.3668,13138.8,13304.4
2260,90.9099,13138.8,13304.4
2261,90.4554,13138.8,13493.7
2262,90.0031,13138.8,13493.7
2263,89.5531,13138.8,13493.7
2264,89.1053,13138.8,13493.7
2265,88.6598,13138.8,13493.7
2266,88.2165,13138.8,13493.7
2267,87.7754,13138.8,13493.7
2268,87.3365,13138.8,13493.7
2269,86.8998,13138.8,13493.7
2270,86.4653,13138.8,13493.7
2271,86.033,13138.8,13493.7
2272,85.6029,13138.8,13493.7
2273,85.1748,13138.8,13493.7
2274,84.749,13138.8,13493.7
2275,84.3252,13138.8,13493.7
2276,83.9036,13138.8,13213.2
2277,83.4841,13138.8,13384.3
2278,83.0667,13138.8,13384.3
2279,82.6513,13138.8,13384.3
2280,82.2381,13138.8,13384.3
2281,81.8269,13138.8,13384.3
2282,81.4177,13138.8,13384.3
2283,81.0107,13138.8,13384.3
2284,80.6056,13138.8,13384.3
2285,80.2026,13138.8,13384.3
2286,79.8016,13138.8,13384.3
2287,79.4026,13138.8,13384.3
2288,79.0055,13138.8,13384.3
2289,78.6105,13138.8,13384.3
2290,78.2175,13138.8,13384.3
2291,77.8264,13138.8,13384.3
2292,77.4372,13138.8,13384.3
2293,77.0501,13138.8,13384.3
2294,76.6648,12828.4,12828.4
2295,76.2815,12828.4,12828.4
2296,75.9001,12828.4,12828.4
2297,75.5206,12828.4,12828.4
2298,75.143,12828.4,12828.4
2299,74.7673,12828.4,12828.4
2300,74.3934,12828.4,12828.4
2301,74.0215,12828.4,12828.4
2302,73.6513,12828.4,12828.4
2303,73.2831,12828.4,12828.4
2304,72.9167,12828.4,12828.4
2305,72.5521,12828.4,12828.4
2306,72.1893,12828.4,12828.4
2307,71.8284,12828.4,12828.4
2308,71.4692,12828.4,12828.4
2309,71.1119,12828.4,12828.4
2310,70.7563,12828.4,12828.4
2311,70.4026,12828.4,12828.4
2312,70.0505,12828.4,12828.4
2313,69.7003,12828.4,12828.4
2314,69.3518,12828.4,12828.4
2315,69.005,12828.4,12828.4
2316,68.66,12828.4,12828.4
2317,68.3167,12828.4,12828.4
2318,67.9751,12828.4,12828.4
2319,67.6352,12828.4,12828.4
2320,67.2971,12828.4,12828.4
2321,66.9606,12828.4,12828.4
2322,66.6258,12828.4,12828.4
2323,66.2926,12828.4,12828.4
2324,65.9612,12828.4,12828.4
2325,65.6314,12828.4,12828.4
2326,65.3032,12828.4,12828.4
2327,64.9767,12828.4,12828.4
2328,64.6518,12828.4,12828.4
2329,64.3286,12828.4,12828.4
2330,64.0069,12828.4,12828.4
2331,63.6869,12828.4,12828.4
2332,63.3685,12774.8,12774.8
2333,63.0516,12774.8,12774.8
2334,62.7364,12774.8,12774.8
2335,62.4227,12774.8,12774.8
2336,62.1106,12774.8,12774.8
2337,61.8,12774.8,12774.8
2338,61.491,12774.8,12774.8
2339,61.1835,12774.8,12774.8
2340,60.8776,12774.8,12774.8
2341,60.5732,12774.8,12774.8
2342,60.2704,12774.8,12774.8
2343,59.969,12774.8,12774.8
2344,59.6692,12774.8,12774.8
2345,59.3708,12774.8,12774.8
2346,59.074,12774.8,12774.8
2347,58.7786,12774.8,12774.8
2348,58.4847,12774.8,12774.8
2349,58.1923,12774.8,12774.8
2350,57.9013,12774.8,12774.8
2351,57.6118,12774.8,12774.8
2352,57.3238,12774.8,12774.8
2353,57.0371,12774.8,12774.8
2354,56.752,12774.8,12774.8
2355,56.4682,12774.8,12774.8
2356,56.1859,12715.9,12715.9
2357,55.9049,12715.9,12715.9
2358,55.6254,12699.3,12699.3
2359,55.3473,12699.3,12699.3
2360,55.0705,12699.3,12699.3
2361,54.7952,12691.7,12691.7
2362,54.5212,12691.7,12691.7
2363,54.2486,12691.7,12691.7
2364,53.9774,12691.7,12691.7
2365,53.7075,12691.7,12691.7
2366,53.4389,12691.7,12691.7
2367,53.1717,12691.7,12691.7
2368,52.9059,12691.7,12691.7
2369,52.6414,12691.7,12691.7
2370,52.3782,12691.7,12743
2371,52.1163,12691.7,12743
2372,51.8557,12691.7,12743
2373,51.5964,12691.7,12743
2374,51.3384,12691.7,12741.3
2375,51.0817,12691.7,12741.3
2376,50.8263,12691.7,12741.3
2377,50.5722,12691.7,12741.3
2378,50.3193,12691.7,12741.3
2379,50.0677,12691.7,12741.3
2380,49.8174,12691.7,12731.5
2381,49.5683,12691.7,12731.5
2382,49.3205,12691.7,12731.5
2383,49.0739,12691.7,12731.5
2384,48.8285,12691.7,12731.5
2385,48.5843,12691.7,12731.5
2386,48.3414,12691.7,12731.5
2387,48.0997,12691.7,12731.5
2388,47.8592,12691.7,12731.5
2389,47.6199,12691.7,12731.5
2390,47.3818,12691.7,12731.5
2391,47.1449,12691.7,12731.5
2392,46.9092,12691.7,12731.5
2393,46.6746,12637.2,12637.2
2394,46.4413,12637.2,12637.2
2395,46.2091,12637.2,12637.2
2396,45.978,12637.2,12637.2
2397,45.7481,12637.2,12637.2
2398,45.5194,12637.2,12637.2
2399,45.2918,12637.2,12637.2
2400,45.0653,12637.2,12637.2
2401,44.84,12637.2,12637.2
2402,44.6158,12637.2,12637.2
2403,44.3927,12637.2,12637.2
2404,44.1708,12637.2,12637.2
2405,43.9499,12637.2,12637.2
2406,43.7302,12637.2,12637.2
2407,43.5115,12637.2,12637.2
2408,43.294,12637.2,12637.2
2409,43.0775,12637.2,12637.2
2410,42.8621,12637.2,12637.2
2411,42.6478,12637.2,12637.2
2412,42.4345,12637.2,12637.2
2413,42.2224,12637.2,12637.2
2414,42.0113,12592.9,12592.9
2415,41.8012,12592.9,12592.9
2416,41.5922,12592.9,12592.9
2417,41.3842,12592.9,12592.9
2418,41.1773,12592.9,12592.9
2419,40.9714,12592.9,12592.9
2420,40.7666,12592.9,12592.9
2421,40.5627,12592.9,12592.9
2422,40.3599,12592.9,12592.9
2423,40.1581,12592.9,12592.9
2424,39.9573,12592.9,12592.9
2425,39.7575,12592.9,12592.9
2426,39.5588,12592.9,12592.9
2427,39.361,12592.9,12592.9
2428,39.1642,12592.9,12592.9
2429,38.9683,12592.9,12592.9
2430,38.7735,12592.9,12592.9
2431,38.5796,12592.9,12592.9
2432,38.3867,12592.9,12592.9
2433,38.1948,12592.9,12592.9
2434,38.0038,12592.9,12592.9
2435,37.8138,12592.9,12592.9
2436,37.6247,11979.2,11979.2
2437,37.4366,11979.2,11979.2
2438,37.2494,11979.2,11979.2
2439,37.0632,11979.2,11979.2
2440,36.8779,11979.2,11979.2
2441,36.6935,11979.2,11979.2
2442,36.51,11979.2,11979.2
2443,36.3275,11979.2,11979.2
2444,36.1458,11979.2,11979.2
2445,35.9651,11979.2,11979.2
2446,35.7853,11979.2,11979.2
2447,35.6063,11979.2,11979.2
2448,35.4283,11979.2,11979.2
2449,35.2512,11979.2,11979.2
2450,35.0749,11979.2,11979.2
2451,34.8995,11979.2,11979.2
2452,34.725,11979.2,11979.2
2453,34.5514,11979.2,11979.2
2454,34.3787,11979.2,11979.2
2455,34.2068,11979.2,11979.2
2456,34.0357,11979.2,11979.2
2457,33.8656,11979.2,11979.2
2458,33.6962,11979.2,11979.2
2459,33.5277,11979.2,11979.2
2460,33.3601,11979.2,11979.2
2461,33.1933,11979.2,11979.2
2462,33.0273,11979.2,11979.2
2463,32.8622,11979.2,11979.2
2464,32.6979,11979.2,11979.2
2465,32.5344,11979.2,11979.2
2466,32.3717,11979.2,11979.2
2467,32.2099,11979.2,11979.2
2468,32.0488,11979.2,11979.2
2469,31.8886,11979.2,11979.2
2470,31.7291,11979.2,11979.2
2471,31.5705,11979.2,11979.2
2472,31.4126,11979.2,11979.2
2473,31.2556,11979.2,11979.2
2474,31.0993,11979.2,11979.2
2475,30.9438,11979.2,11979.2
2476,30.7891,11979.2,11979.2
2477,30.6351,11979.2,11979.2
2478,30.482,11979.2,11979.2
2479,30.3296,11979.2,11979.2
2480,30.1779,11979.2,11979.2
2481,30.027,11979.2,11979.2
2482,29.8769,11979.2,11979.2
2483,29.7275,11979.2,11979.2
2484,29.5789,11979.2,11979.2
2485,29.431,11979.2,11979.2
2486,29.2838,11979.2,11979.2
2487,29.1374,11979.2,11979.2
2488,28.9917,11979.2,11979.2
2489,28.8467,11979.2,11979.2
2490,28.7025,11900.1,11900.1
2491,28.559,11900.1,11900.1
2492,28.4162,11900.1,11900.1
2493,28.2741,11900.1,11900.1
2494,28.1327,11900.1,11900.1
2495,27.9921,11900.1,11900.1
2496,27.8521,11900.1,11900.1
2497,27.7129,11900.1,11900.1
2498,27.5743,11900.1,11900.1
2499,27.4364,11900.1,11900.1
2500,27.2992,11900.1,11900.1
2501,27.1628,11900.1,11900.1
2502,27.0269,11900.1,11900.1
2503,26.8918,11900.1,11900.1
2504,26.7573,11900.1,11900.1
2505,26.6236,11900.1,11900.1
2506,26.4904,11900.1,11900.1
2507,26.358,11900.1,11900.1
2508,26.2262,11900.1,11900.1
2509,26.0951,11900.1,11900.1
2510,25.9646,11900.1,11900.1
2511,25.8348,11900.1,11900.1
2512,25.7056,11900.1,11900.1
2513,25.5771,11900.1,11900.1
2514,25.4492,11895.8,11895.8
2515,25.3219,11895.8,11895.8
2516,25.1953,11895.8,11895.8
2517,25.0693,11895.8,11895.8
2518,24.944,11895.8,11895.8
2519,24.8193,11895.8,11895.8
2520,24.6952,11895.8,11895.8
2521,24.5717,11895.8,11895.8
2522,24.4489,11895.8,11895.8
2523,24.3266,11895.8,11895.8
2524,24.205,11895.8,11895.8
2525,24.0839,11895.8,11895.8
2526,23.9635,11895.8,11895.8
2527,23.8437,11895.8,11895.8
2528,23.7245,11895.8,11895.8
2529,23.6059,11895.8,11895.8
2530,23.4878,11895.8,11895.8
2531,23.3704,11895.8,11895.8
2532,23.2535,11895.8,11895.8
2533,23.1373,11895.8,11895.8
2534,23.0216,11895.8,11895.8
2535,22.9065,11895.8,11895.8
2536,22.792,11895.8,11895.8
2537,22.678,11895.8,11895.8
2538,22.5646,11895.8,11895.8
2539,22.4518,11895.8,11895.8
2540,22.3395,11895.8,11895.8
2541,22.2278,11895.8,11895.8
2542,22.1167,11895.8,11895.8
2543,22.0061,11895.8,11895.8
2544,21.8961,11895.8,11895.8
2545,21.7866,11895.8,11895.8
2546,21.6777,11895.8,11895.8
2547,21.5693,11895.8,11895.8
2548,21.4614,11895.8,11895.8
2549,21.3541,11895.8,11895.8
2550,21.2473,11895.8,11895.8
2551,21.1411,11895.8,11895.8
2552,21.0354,11895.8,11895.8
2553,20.9302,11895.8,11895.8
2554,20.8256,11895.8,11895.8
2555,20.7214,11895.8,11895.8
2556,20.6178,11895.8,11895.8
2557,20.5148,11895.8,11895.8
2558,20.4122,11895.8,11895.8
2559,20.3101,11895.8,11895.8
2560,20.2086,11895.8,11895.8
2561,20.1075,11895.8,11895.8
2562,20.007,11895.8,11895.8
2563,19.907,11895.8,11895.8
2564,19.8074,11895.8,11895.8
2565,19.7084,11895.8,11895.8
2566,19.6098,11895.8,11895.8
2567,19.5118,11895.8,11895.8
2568,19.4142,11895.8,11895.8
2569,19.3172,11895.8,11895.8
2570,19.2206,11895.8,11895.8
2571,19.1245,11895.8,11895.8
2572,19.0288,11895.8,11895.8
2573,18.9337,11895.8,11895.8
2574,18.839,11895.8,11895.8
2575,18.7448,11895.8,11895.8
2576,18.6511,11895.8,11895.8
2577,18.5579,11895.8,11895.8
2578,18.4651,11895.8,11895.8
2579,18.3727,11793.3,11793.3
2580,18.2809,11793.3,11793.3
2581,18.1895,11793.3,11793.3
2582,18.0985,11793.3,11793.3
2583,18.008,11793.3,11793.3
2584,17.918,11793.3,11793.3
2585,17.8284,11793.3,11793.3
2586,17.7393,11793.3,11793.3
2587,17.6506,11793.3,11793.3
2588,17.5623,11793.3,11793.3
2589,17.4745,11793.3,11793.3
2590,17.3871,11793.3,11793.3
2591,17.3002,11793.3,11793.3
2592,17.2137,11793.3,11793.3
2593,17.1276,11793.3,11793.3
2594,17.042,11793.3,11793.3
2595,16.9568,11793.3,11793.3
2596,16.872,11793.3,11793.3
2597,16.7876,11793.3,11793.3
2598,16.7037,11793.3,11793.3
2599,16.6202,11793.3,11793.3
2600,16.5371,11793.3,11793.3
2601,16.4544,11793.3,11793.3
2602,16.3721,11793.3,11793.3
2603,16.2903,11793.3,11793.3
2604,16.2088,11793.3,11793.3
2605,16.1278,11793.3,11793.3
2606,16.0471,11793.3,11793.3
2607,15.9669,11793.3,11793.3
2608,15.8871,11793.3,11793.3
2609,15.8076,11793.3,11793.3
2610,15.7286,11793.3,11793.3
2611,15.6499,11793.3,11793.3
2612,15.5717,11793.3,11831.7
2613,15.4938,11793.3,11831.7
2614,15.4164,11793.3,11831.7
2615,15.3393,11793.3,11831.7
2616,15.2626,11793.3,11831.7
2617,15.1863,11793.3,11831.7
2618,15.1103,11793.3,11831.7
2619,15.0348,11793.3,11831.7
2620,14.9596,11793.3,11831.7
2621,14.8848,11793.3,11831.7
2622,14.8104,11793.3,11831.7
2623,14.7363,11793.3,11831.7
2624,14.6627,11793.3,11831.7
2625,14.5893,11793.3,11831.7
2626,14.5164,11793.3,11831.7
2627,14.4438,11793.3,11831.7
2628,14.3716,11793.3,11831.7
2629,14.2997,11793.3,11831.7
2630,14.2282,11793.3,11831.7
2631,14.1571,11793.3,11831.7
2632,14.0863,11793.3,11831.7
2633,14.0159,11793.3,11831.7
2634,13.9458,11793.3,11831.7
2635,13.8761,11793.3,11831.7
2636,13.8067,11793.3,11831.7
2637,13.7377,11793.3,11831.7
2638,13.669,11793.3,11831.7
2639,13.6006,11793.3,11831.7
2640,13.5326,11793.3,11831.7
2641,13.465,11793.3,11809.1
2642,13.3976,11793.3,11809.1
2643,13.3306,11793.3,11809.1
2644,13.264,11793.3,11809.1
2645,13.1977,11793.3,11809.1
2646,13.1317,11793.3,11809.1
2647,13.066,11793.3,11809.1
2648,13.0007,11793.3,11809.1
2649,12.9357,11793.3,11809.1
2650,12.871,11793.3,11809.1
2651,12.8067,11793.3,11809.1
2652,12.7426,11793.3,11809.1
2653,12.6789,11793.3,11809.1
2654,12.6155,11793.3,11809.1
2655,12.5524,11793.3,11809.1
2656,12.4897,11793.3,11809.1
2657,12.4272,11793.3,11809.1
2658,12.3651,11793.3,11809.1
2659,12.3033,11793.3,11809.1
2660,12.2418,11793.3,11809.1
2661,12.1805,11793.3,11809.1
2662,12.1196,11793.3,11809.1
2663,12.059,11793.3,11809.1
2664,11.9987,11793.3,11809.1
2665,11.9388,11793.3,11809.1
2666,11.8791,11793.3,11809.1
2667,11.8197,11793.3,11809.1
2668,11.7606,11793.3,11809.1
2669,11.7018,11793.3,11809.1
2670,11.6433,11793.3,11809.1
2671,11.585,11793.3,11809.1
2672,11.5271,11793.3,11809.1
2673,11.4695,11793.3,11809.1
2674,11.4121,11793.3,11809.1
2675,11.3551,11793.3,11809.1
2676,11.2983,11793.3,11809.1
2677,11.2418,11793.3,11809.1
2678,11.1856,11793.3,11809.1
2679,11.1297,11793.3,11809.1
2680,11.074,11793.3,11809.1
2681,11.0186,11793.3,11809.1
2682,10.9636,11793.3,11809.1
2683,10.9087,11793.3,11809.1
2684,10.8542,11793.3,11809.1
2685,10.7999,11793.3,11809.1
2686,10.7459,11793.3,11809.1
2687,10.6922,11793.3,11809.1
2688,10.6387,11793.3,11809.1
2689,10.5855,11793.3,11809.1
2690,10.5326,11793.3,11809.1
2691,10.4799,11793.3,11809.1
2692,10.4275,11793.3,11809.1
2693,10.3754,11793.3,11809.1
2694,10.3235,11793.3,11809.1
2695,10.2719,11793.3,11809.1
2696,10.2206,11793.3,11809.1
2697,10.1695,11793.3,11809.1
2698,10.1186,11793.3,11809.1
2699,10.068,11793.3,11809.1
2700,10.0177,11793.3,11809.1
2701,9.96758,11793.3,11809.1
2702,9.91775,11793.3,11809.1
2703,9.86816,11793.3,11809.1
2704,9.81882,11793.3,11809.1
2705,9.76972,11793.3,11809.1
2706,9.72087,11793.3,11809.1
2707,9.67227,11793.3,11809.1
2708,9.62391,11793.3,11809.1
2709,9.57579,11793.3,11809.1
2710,9.52791,11793.3,11809.1
2711,9.48027,11793.3,11809.1
2712,9.43287,11793.3,11809.1
2713,9.3857,11793.3,11809.1
2714,9.33878,11793.3,11809.1
2715,9.29208,11793.3,11809.1
2716,9.24562,11793.3,11809.1
2717,9.19939,11793.3,11809.1
2718,9.1534,11793.3,11809.1
2719,9.10763,11793.3,11809.1
2720,9.06209,11793.3,11809.1
2721,9.01678,11685.9,11685.9
2722,8.9717,11685.9,11685.9
2723,8.92684,11685.9,11685.9
2724,8.8822,11685.9,11685.9
2725,8.83779,11685.9,11685.9
2726,8.7936,11685.9,11685.9
2727,8.74964,11685.9,11685.9
2728,8.70589,11685.9,11685.9
2729,8.66236,11685.9,11685.9
2730,8.61905,11685.9,11685.9
2731,8.57595,11685.9,11685.9
2732,8.53307,11685.9,11685.9
2733,8.49041,11685.9,11685.9
2734,8.44795,11685.9,11685.9
2735,8.40571,11685.9,11685.9
2736,8.36369,11685.9,11685.9
2737,8.32187,11685.9,11685.9
2738,8.28026,11685.9,11685.9
2739,8.23886,11685.9,11685.9
2740,8.19766,11685.9,11685.9
2741,8.15667,11685.9,11685.9
2742,8.11589,11685.9,11685.9
2743,8.07531,11685.9,11685.9
2744,8.03494,11685.9,11685.9
2745,7.99476,11685.9,11685.9
2746,7.95479,11685.9,11685.9
2747,7.91501,11685.9,11685.9
2748,7.87544,11685.9,11685.9
2749,7.83606,11685.9,11685.9
2750,7.79688,11685.9,11685.9
2751,7.7579,11685.9,11685.9
2752,7.71911,11685.9,11685.9
2753,7.68051,11685.9,11685.9
2754,7.64211,11685.9,11685.9
2755,7.6039,11685.9,11685.9
2756,7.56588,11685.9,11685.9
2757,7.52805,11685.9,11685.9
2758,7.49041,11685.9,11685.9
2759,7.45296,11685.9,11685.9
2760,7.41569,11685.9,11685.9
2761,7.37861,11685.9,11685.9
2762,7.34172,11685.9,11685.9
2763,7.30501,11685.9,11685.9
2764,7.26849,11685.9,11685.9
2765,7.23214,11685.9,11685.9
2766,7.19598,11685.9,11685.9
2767,7.16,11685.9,11685.9
2768,7.1242,11685.9,11685.9
2769,7.08858,11685.9,11685.9
2770,7.05314,11685.9,11685.9
2771,7.01787,11685.9,11685.9
2772,6.98278,11685.9,11685.9
2773,6.94787,11685.9,11685.9
2774,6.91313,11685.9,11685.9
2775,6.87857,11685.9,11685.9
2776,6.84417,11685.9,11685.9
2777,6.80995,11685.9,11685.9
2778,6.7759,11685.9,11685.9
2779,6.74202,11685.9,11685.9
2780,6.70831,11685.9,11685.9
2781,6.67477,11685.9,11685.9
2782,6.6414,11685.9,11685.9
2783,6.60819,11685.9,11685.9
2784,6.57515,11685.9,11685.9
2785,6.54227,11685.9,11685.9
2786,6.50956,11685.9,11685.9
2787,6.47701,11685.9,11685.9
2788,6.44463,11685.9,11685.9
2789,6.41241,11685.9,11685.9
2790,6.38034,11685.9,11685.9
2791,6.34844,11685.9,11685.9
2792,6.3167,11685.9,11685.9
2793,6.28512,11685.9,11685.9
2794,6.25369,11685.9,11685.9
2795,6.22242,11685.9,11685.9
2796,6.19131,11685.9,11685.9
2797,6.16035,11685.9,11685.9
2798,6.12955,11685.9,11685.9
2799,6.0989,11685.9,11685.9
2800,6.06841,11685.9,11685.9
2801,6.03807,11685.9,11685.9
2802,6.00788,11685.9,11685.9
2803,5.97784,11685.9,11685.9
2804,5.94795,11685.9,11685.9
2805,5.91821,11685.9,11685.9
2806,5.88862,11685.9,11685.9
2807,5.85917,11685.9,11685.9
2808,5.82988,11685.9,11685.9
2809,5.80073,11685.9,11685.9
2810,5.77173,11567.5,11567.5
2811,5.74287,11567.5,11567.5
2812,5.71415,11567.5,11567.5
2813,5.68558,11567.5,11567.5
2814,5.65715,11567.5,11567.5
2815,5.62887,11567.5,11567.5
2816,5.60072,11567.5,11567.5
2817,5.57272,11567.5,11567.5
2818,5.54486,11567.5,11567.5
2819,5.51713,11567.5,11567.5
2820,5.48955,11567.5,11567.5
2821,5.4621,11567.5,11567.5
2822,5.43479,11567.5,11567.5
2823,5.40761,11567.5,11567.5
2824,5.38058,11567.5,11567.5
2825,5.35367,11567.5,11567.5
2826,5.32691,11567.5,11567.5
2827,5.30027,11567.5,11567.5
2828,5.27377,11567.5,11567.5
2829,5.2474,11567.5,11567.5
2830,5.22116,11567.5,11567.5
2831,5.19506,11567.5,11567.5
2832,5.16908,11567.5,11567.5
2833,5.14324,11567.5,11567.5
2834,5.11752,11567.5,11567.5
2835,5.09193,11567.5,11567.5
2836,5.06647,11567.5,11567.5
2837,5.04114,11567.5,11567.5
2838,5.01594,11567.5,11567.5
2839,4.99086,11567.5,11567.5
2840,4.9659,11567.5,11567.5
2841,4.94107,11567.5,11567.5
2842,4.91637,11567.5,11567.5
2843,4.89179,11567.5,11567.5
2844,4.86733,11567.5,11567.5
2845,4.84299,11567.5,11567.5
2846,4.81877,11567.5,11567.5
2847,4.79468,11567.5,11567.5
2848,4.77071,11567.5,11567.5
2849,4.74685,11567.5,11567.5
2850,4.72312,11567.5,11567.5
2851,4.6995,11567.5,11567.5
2852,4.67601,11567.5,11567.5
2853,4.65263,11567.5,11567.5
2854,4.62936,11567.5,11567.5
2855,4.60622,11567.5,11567.5
2856,4.58319,11567.5,11567.5
2857,4.56027,11567.5,11567.5
2858,4.53747,11567.5,11567.5
2859,4.51478,11567.5,11567.5
2860,4.49221,11567.5,11567.5
2861,4.46975,11567.5,11567.5
2862,4.4474,11567.5,11567.5
2863,4.42516,11567.5,11567.5
2864,4.40303,11567.5,11567.5
2865,4.38102,11567.5,11567.5
2866,4.35911,11567.5,11567.5
2867,4.33732,11567.5,11567.5
2868,4.31563,11567.5,11567.5
2869,4.29405,11567.5,11567.5
2870,4.27258,11567.5,11567.5
2871,4.25122,11567.5,11567.5
2872,4.22996,11567.5,11567.5
2873,4.20881,11567.5,11567.5
2874,4.18777,11567.5,11567.5
2875,4.16683,11567.5,11567.5
2876,4.146,11567.5,11567.5
2877,4.12527,11567.5,11567.5
2878,4.10464,11567.5,11567.5
2879,4.08412,11567.5,11567.5
2880,4.0637,11567.5,11567.5
2881,4.04338,11567.5,11567.5
2882,4.02316,11567.5,11567.5
2883,4.00305,11567.5,11567.5
2884,3.98303,11567.5,11567.5
2885,3.96312,11567.5,11567.5
2886,3.9433,11567.5,11567.5
2887,3.92358,11567.5,11567.5
2888,3.90397,11567.5,11567.5
2889,3.88445,11567.5,11567.5
2890,3.86502,11567.5,11567.5
2891,3.8457,11567.5,11567.5
2892,3.82647,11567.5,11567.5
2893,3.80734,11567.5,11567.5
2894,3.7883,11567.5,11567.5
2895,3.76936,11567.5,11567.5
2896,3.75051,11567.5,11567.5
2897,3.73176,11567.5,11567.5
2898,3.7131,11567.5,11567.5
2899,3.69454,11567.5,11567.5
2900,3.67606,11567.5,11567.5
2901,3.65768,11567.5,11567.5
2902,3.63939,11567.5,11567.5
2903,3.6212,11567.5,11567.5
2904,3.60309,11567.5,11567.5
2905,3.58508,11567.5,11567.5
2906,3.56715,11567.5,11567.5
2907,3.54931,11567.5,11567.5
2908,3.53157,11567.5,11567.5
2909,3.51391,11567.5,11567.5
2910,3.49634,11567.5,11567.5
2911,3.47886,11567.5,11567.5
2912,3.46146,11567.5,11567.5
2913,3.44416,11567.5,11567.5
2914,3.42694,11567.5,11567.5
2915,3.4098,11567.5,11567.5
2916,3.39275,11567.5,11567.5
2917,3.37579,11567.5,11567.5
2918,3.35891,11567.5,11567.5
2919,3.34212,11567.5,11567.5
2920,3.32541,11567.5,11567.5
2921,3.30878,11567.5,11567.5
2922,3.29223,11567.5,11567.5
2923,3.27577,11567.5,11567.5
2924,3.25939,11567.5,11567.5
2925,3.2431,11567.5,11567.5
2926,3.22688,11567.5,11567.5
2927,3.21075,11567.5,11567.5
2928,3.19469,11567.5,11567.5
2929,3.17872,11567.5,11567.5
2930,3.16283,11567.5,11567.5
2931,3.14701,11567.5,11567.5
2932,3.13128,11567.5,11567.5
2933,3.11562,11567.5,11567.5
2934,3.10004,11567.5,11567.5
2935,3.08454,11567.5,11567.5
2936,3.06912,11515.4,11515.4
2937,3.05377,11515.4,11515.4
2938,3.03851,11515.4,11515.4
2939,3.02331,11515.4,11515.4
2940,3.0082,11515.4,11515.4
2941,2.99316,11515.4,11515.4
2942,2.97819,11515.4,11515.4
2943,2.9633,11515.4,11515.4
2944,2.94848,11515.4,11515.4
2945,2.93374,11515.4,11515.4
2946,2.91907,11515.4,11515.4
2947,2.90448,11515.4,11515.4
2948,2.88995,11515.4,11515.4
2949,2.8755,11515.4,11515.4
2950,2.86113,11515.4,11515.4
2951,2.84682,11515.4,11515.4
2952,2.83259,11515.4,11515.4
2953,2.81842,11515.4,11515.4
2954,2.80433,11515.4,11515.4
2955,2.79031,11515.4,11515.4
2956,2.77636,11515.4,11515.4
2957,2.76248,11515.4,11515.4
2958,2.74866,11515.4,11515.4
2959,2.73492,11515.4,11515.4
2960,2.72125,11515.4,11515.4
2961,2.70764,11515.4,11515.4
2962,2.6941,11515.4,11515.4
2963,2.68063,11515.4,11515.4
2964,2.66723,11515.4,11515.4
2965,2.65389,11515.4,11515.4
2966,2.64062,11515.4,11515.4
2967,2.62742,11515.4,11515.4
2968,2.61428,11515.4,11515.4
2969,2.60121,11515.4,11515.4
2970,2.5882,11515.4,11515.4
2971,2.57526,11515.4,11515.4
2972,2.56239,11515.4,11515.4
2973,2.54958,11515.4,11515.4
2974,2.53683,11515.4,11515.4
2975,2.52414,11515.4,11515.4
2976,2.51152,11515.4,11515.4
2977,2.49897,11515.4,11515.4
2978,2.48647,11515.4,11515.4
2979,2.47404,11515.4,11515.4
2980,2.46167,11515.4,11515.4
2981,2.44936,11515.4,11515.4
2982,2.43711,11515.4,11515.4
2983,2.42493,11515.4,11515.4
2984,2.4128,11515.4,11515.4
2985,2.40074,11515.4,11515.4
2986,2.38873,11515.4,11515.4
2987,2.37679,11515.4,11515.4
2988,2.36491,11515.4,11515.4
2989,2.35308,11515.4,11515.4
2990,2.34132,11515.4,11515.4
2991,2.32961,11515.4,11515.4
2992,2.31796,11515.4,11515.4
2993,2.30637,11500.1,11500.1
2994,2.29484,11500.1,11500.1
2995,2.28337,11500.1,11500.1
2996,2.27195,11500.1,11500.1
2997,2.26059,11500.1,11500.1
2998,2.24929,11500.1,11500.1
2999,2.23804,11500.1,11500.1
